sample_id,quality_label,quality_score,hue_mean,saturation_mean,value_mean,green_ratio,yellow_ratio,brown_ratio,contrast,homogeneity,energy,edge_density,leaf_area_ratio,aspect_ratio,solidity,lighting_condition,background,leaf_age_stage,damage_score,estimated_maturity_pct,feeding_suitability
18,Excellent,90,52.3,167.9,133.4,0.89,0.007,0.013,0.634,0.786,0.158,0.072,0.881,1.21,0.931,mixed,white,mature,8,90,Suitable
670,Moderate,46,40.7,120.1,176.1,0.413,0.236,0.105,6.264,0.542,0.089,0.246,0.547,1.238,0.724,dim,white,old,33,61,Marginal
1050,Poor,36,35.6,90.9,112.0,0.107,0.531,0.207,6.831,0.463,0.089,0.272,0.422,1.79,0.73,bright,field,young,64,15,Unsuitable
100,Excellent,88,59.0,170.0,159.7,0.863,0.031,0.017,1.921,0.918,0.26,0.05,0.882,1.169,0.926,bright,dark,mature,5,81,Suitable
102,Excellent,91,59.4,166.5,128.3,0.759,0.04,0.003,0.992,0.857,0.215,0.066,0.717,1.06,0.988,bright,dark,mature,3,82,Suitable
932,Poor,38,42.1,86.6,203.6,0.142,0.262,0.239,6.018,0.467,0.115,0.269,0.356,1.279,0.65,bright,dark,young,69,25,Unsuitable
1011,Poor,23,21.1,103.6,129.7,0.287,0.427,0.236,13.49,0.381,0.079,0.315,0.417,1.728,0.583,mixed,field,young,79,34,Unsuitable
580,Good,74,49.5,151.5,150.9,0.703,0.107,0.06,2.687,0.705,0.181,0.14,0.859,0.77,0.933,mixed,white,mature,5,81,Suitable
491,Good,75,69.3,162.3,174.2,0.548,0.14,0.018,3.512,0.629,0.127,0.122,0.793,0.887,0.892,bright,mixed,young,8,84,Suitable
171,Excellent,88,57.5,187.7,105.1,0.84,0.023,0.005,1.283,0.94,0.285,0.022,0.74,1.239,0.905,mixed,white,mature,8,81,Suitable
334,Good,74,51.4,135.9,151.2,0.616,0.139,0.031,3.427,0.711,0.181,0.127,0.779,0.95,0.848,bright,white,mature,10,80,Suitable
715,Moderate,47,30.6,73.0,148.4,0.406,0.253,0.09,3.628,0.493,0.114,0.174,0.655,1.386,0.732,bright,white,mature,41,49,Marginal
1136,Poor,24,40.2,111.5,219.2,0.149,0.283,0.42,9.302,0.414,0.105,0.427,0.506,1.023,0.56,bright,field,old,77,49,Unsuitable
892,Moderate,53,60.7,74.1,162.3,0.353,0.233,0.067,3.176,0.657,0.17,0.164,0.707,1.071,0.8,bright,mixed,old,21,50,Marginal
959,Poor,45,18.5,117.2,196.0,0.245,0.412,0.293,9.75,0.304,0.08,0.447,0.371,1.678,0.715,dim,white,young,83,50,Unsuitable
95,Excellent,92,66.6,179.4,140.8,0.886,0.008,0.018,1.198,0.768,0.255,0.078,0.726,1.239,0.925,mixed,white,mature,7,79,Suitable
266,Excellent,97,64.4,173.6,141.0,0.747,0.038,0.004,0.616,0.871,0.229,0.029,0.863,1.09,0.98,bright,field,mature,3,91,Suitable
754,Moderate,60,53.0,122.3,87.8,0.566,0.189,0.114,4.238,0.587,0.123,0.246,0.511,1.579,0.764,bright,mixed,young,29,58,Marginal
991,Poor,11,27.8,75.7,101.3,0.135,0.275,0.195,7.421,0.446,0.086,0.457,0.514,1.207,0.594,dim,white,young,69,37,Unsuitable
846,Moderate,65,46.7,76.2,86.7,0.43,0.137,0.18,3.217,0.674,0.163,0.271,0.602,1.5,0.828,dim,dark,old,23,47,Marginal
1147,Poor,44,39.1,113.8,113.1,0.198,0.38,0.371,13.529,0.259,0.094,0.446,0.329,1.377,0.651,bright,dark,young,83,16,Unsuitable
81,Excellent,96,63.8,168.8,100.9,0.681,0.006,0.018,0.582,0.771,0.196,0.058,0.775,0.889,0.953,bright,mixed,mature,6,89,Suitable
1167,Poor,44,24.5,77.1,136.3,0.209,0.367,0.194,9.458,0.413,0.137,0.521,0.509,1.236,0.673,bright,white,young,47,36,Unsuitable
450,Good,86,54.1,127.8,150.5,0.563,0.093,0.038,3.965,0.602,0.248,0.147,0.743,0.848,0.868,dim,mixed,mature,7,69,Suitable
735,Moderate,64,55.9,100.6,170.0,0.539,0.254,0.156,6.746,0.648,0.112,0.221,0.584,1.583,0.711,bright,mixed,young,26,57,Marginal
383,Good,76,76.8,169.2,128.9,0.512,0.071,0.022,3.404,0.721,0.241,0.125,0.655,1.301,0.884,dim,dark,mature,11,82,Suitable
795,Moderate,46,77.1,144.7,110.7,0.507,0.128,0.086,3.004,0.671,0.166,0.146,0.543,1.141,0.775,mixed,field,mature,45,46,Marginal
1176,Poor,13,35.0,102.2,136.0,0.256,0.388,0.156,8.22,0.468,0.119,0.29,0.507,1.037,0.637,dim,mixed,young,40,48,Unsuitable
110,Excellent,98,58.5,153.9,125.0,0.661,0.041,0.009,1.965,0.91,0.289,0.041,0.829,0.815,0.988,bright,field,mature,6,87,Suitable
767,Moderate,44,72.1,99.3,120.4,0.559,0.148,0.124,6.448,0.454,0.107,0.174,0.525,1.154,0.732,dim,field,old,18,70,Marginal
476,Good,85,54.2,147.8,114.3,0.594,0.133,0.01,1.201,0.769,0.27,0.118,0.653,0.833,0.824,bright,field,young,18,65,Suitable
610,Moderate,61,57.4,95.4,85.7,0.424,0.123,0.086,3.449,0.663,0.088,0.149,0.535,1.159,0.715,bright,dark,mature,24,57,Marginal
536,Good,81,71.0,163.9,153.9,0.547,0.099,0.045,2.755,0.727,0.221,0.065,0.766,1.014,0.903,bright,mixed,young,12,84,Suitable
3,Excellent,99,66.1,170.4,102.0,0.828,0.018,0.008,1.098,0.867,0.25,0.027,0.811,1.175,0.954,mixed,mixed,mature,7,84,Suitable
686,Moderate,62,66.3,143.9,143.4,0.463,0.22,0.117,4.042,0.672,0.155,0.111,0.513,0.871,0.829,dim,field,mature,28,46,Marginal
345,Good,77,76.4,106.1,100.7,0.516,0.107,0.059,1.876,0.692,0.122,0.107,0.648,1.207,0.878,bright,white,mature,18,78,Suitable
626,Moderate,60,48.6,71.5,163.4,0.551,0.203,0.114,3.629,0.511,0.168,0.171,0.719,0.895,0.809,dim,white,young,22,46,Marginal
700,Moderate,62,61.2,80.2,173.2,0.346,0.119,0.124,2.623,0.586,0.144,0.274,0.701,0.797,0.762,bright,field,young,44,57,Marginal
868,Moderate,48,36.2,72.0,172.9,0.496,0.238,0.125,5.726,0.573,0.073,0.139,0.77,0.786,0.787,mixed,white,old,37,60,Marginal
894,Moderate,61,37.2,98.5,145.9,0.388,0.299,0.17,5.348,0.57,0.072,0.126,0.66,0.748,0.729,dim,white,old,25,63,Marginal
955,Poor,42,38.4,94.3,117.9,0.284,0.368,0.299,8.8,0.302,0.071,0.27,0.331,0.755,0.697,dim,dark,old,85,20,Unsuitable
134,Excellent,99,66.6,150.8,159.3,0.793,0.042,0.011,1.617,0.911,0.332,0.036,0.771,0.867,0.988,bright,dark,mature,5,92,Suitable
344,Good,72,64.0,128.4,171.7,0.613,0.117,0.036,3.7,0.642,0.191,0.079,0.819,1.294,0.841,dim,mixed,young,6,77,Suitable
1199,Poor,37,29.8,92.1,123.2,0.228,0.417,0.305,8.301,0.307,0.061,0.267,0.325,0.912,0.662,bright,field,old,87,46,Unsuitable
154,Excellent,94,54.0,140.7,170.5,0.812,0.026,0.007,1.79,0.876,0.274,0.024,0.889,1.231,0.926,mixed,field,mature,5,82,Suitable
740,Moderate,47,60.2,111.4,98.4,0.549,0.222,0.058,5.104,0.525,0.086,0.115,0.503,1.305,0.764,dim,dark,young,25,61,Marginal
97,Excellent,85,71.9,135.0,123.4,0.803,0.038,0.008,1.742,0.865,0.342,0.07,0.817,0.965,0.969,mixed,dark,mature,0,78,Suitable
217,Excellent,99,65.5,180.7,133.7,0.799,0.006,0.007,1.207,0.814,0.293,0.079,0.797,0.861,0.973,mixed,mixed,mature,4,81,Suitable
981,Poor,24,44.5,114.2,147.5,0.224,0.403,0.323,13.44,0.493,0.048,0.278,0.433,1.412,0.741,dim,field,young,63,33,Unsuitable
87,Excellent,90,57.8,130.8,124.4,0.693,0.042,0.01,0.988,0.886,0.201,0.065,0.795,1.217,0.906,mixed,dark,mature,2,87,Suitable
974,Poor,13,42.0,95.6,103.1,0.24,0.467,0.244,6.241,0.319,0.103,0.241,0.636,1.66,0.754,mixed,field,young,79,31,Unsuitable
420,Good,84,65.5,103.7,156.6,0.659,0.149,0.037,3.054,0.8,0.199,0.072,0.803,1.086,0.906,bright,dark,mature,13,80,Suitable
223,Excellent,100,60.0,181.5,107.0,0.732,0.024,0.008,0.844,0.895,0.348,0.067,0.777,0.849,0.977,mixed,mixed,mature,6,80,Suitable
660,Moderate,52,72.1,100.9,139.2,0.546,0.255,0.149,3.114,0.624,0.099,0.179,0.718,0.826,0.832,mixed,dark,old,32,50,Marginal
281,Excellent,99,54.4,162.3,129.7,0.824,0.049,0.017,0.531,0.809,0.29,0.033,0.902,0.867,0.949,mixed,white,mature,0,92,Suitable
565,Good,83,63.2,118.8,186.2,0.645,0.086,0.033,2.698,0.814,0.162,0.118,0.61,1.393,0.918,mixed,white,young,22,76,Suitable
118,Excellent,98,54.5,186.7,129.6,0.708,0.016,0.011,0.858,0.803,0.25,0.038,0.777,1.101,0.981,mixed,field,mature,5,92,Suitable
826,Moderate,65,70.8,113.0,152.6,0.599,0.202,0.135,6.119,0.525,0.123,0.243,0.626,1.368,0.757,bright,field,young,32,50,Marginal
674,Moderate,61,60.2,105.8,103.6,0.409,0.11,0.172,6.691,0.554,0.091,0.102,0.593,1.062,0.868,bright,dark,old,38,59,Marginal
624,Moderate,69,73.6,96.7,183.1,0.332,0.12,0.093,4.02,0.602,0.182,0.134,0.64,0.885,0.775,dim,dark,old,44,60,Marginal
818,Moderate,46,55.6,119.9,140.0,0.371,0.267,0.17,6.156,0.62,0.171,0.221,0.63,1.444,0.775,bright,mixed,mature,25,46,Marginal
591,Good,75,53.9,151.8,95.0,0.547,0.088,0.013,3.957,0.616,0.239,0.087,0.727,0.965,0.838,mixed,dark,mature,12,82,Suitable
1017,Poor,26,22.3,55.3,216.6,0.288,0.444,0.218,13.985,0.492,0.084,0.261,0.365,1.702,0.743,bright,mixed,old,47,28,Unsuitable
718,Moderate,68,38.6,128.9,145.7,0.479,0.165,0.055,3.593,0.566,0.178,0.24,0.651,0.833,0.748,dim,mixed,mature,38,59,Marginal
1029,Poor,45,28.3,60.7,219.1,0.236,0.295,0.419,13.471,0.3,0.084,0.462,0.598,1.256,0.737,bright,dark,old,50,44,Unsuitable
642,Moderate,64,34.3,148.9,190.6,0.351,0.231,0.119,3.236,0.655,0.088,0.143,0.538,1.525,0.783,dim,mixed,young,33,54,Marginal
926,Poor,28,35.5,101.2,193.8,0.293,0.381,0.276,10.012,0.5,0.072,0.448,0.615,1.481,0.546,bright,dark,old,86,45,Unsuitable
936,Poor,28,20.3,47.3,110.4,0.079,0.386,0.186,6.034,0.424,0.042,0.343,0.375,0.712,0.627,bright,white,old,56,17,Unsuitable
26,Excellent,92,68.8,161.1,111.6,0.807,0.012,0.019,1.342,0.775,0.209,0.047,0.788,0.811,0.964,bright,mixed,mature,6,83,Suitable
460,Good,86,77.1,132.8,178.9,0.523,0.043,0.021,1.784,0.798,0.22,0.115,0.658,0.837,0.885,mixed,field,young,5,80,Suitable
895,Moderate,61,50.7,113.0,93.7,0.55,0.144,0.116,5.083,0.466,0.182,0.249,0.773,1.41,0.776,bright,field,old,42,67,Marginal
508,Good,81,72.7,108.4,185.8,0.691,0.129,0.021,1.909,0.644,0.154,0.112,0.733,1.146,0.829,mixed,white,young,14,66,Suitable
41,Excellent,93,58.3,183.7,169.1,0.795,0.018,0.017,0.75,0.856,0.263,0.068,0.829,1.077,0.941,bright,mixed,mature,1,90,Suitable
888,Moderate,61,66.2,119.9,147.6,0.425,0.203,0.082,4.077,0.638,0.138,0.245,0.717,1.116,0.783,dim,mixed,old,36,62,Marginal
303,Good,77,47.2,108.7,146.8,0.654,0.101,0.031,3.491,0.709,0.112,0.109,0.698,1.056,0.941,bright,dark,young,22,66,Suitable
356,Good,68,65.2,122.8,190.0,0.745,0.051,0.011,3.063,0.786,0.168,0.14,0.775,0.819,0.903,mixed,mixed,young,11,82,Suitable
435,Good,83,61.2,143.3,183.5,0.526,0.07,0.046,1.365,0.788,0.241,0.085,0.831,1.173,0.949,mixed,field,mature,19,74,Suitable
521,Good,74,71.1,141.4,160.5,0.546,0.112,0.025,3.264,0.695,0.268,0.149,0.789,0.797,0.865,bright,dark,young,16,77,Suitable
903,Poor,11,40.5,37.9,129.9,0.108,0.435,0.257,9.509,0.304,0.045,0.439,0.371,1.056,0.538,dim,dark,old,60,48,Unsuitable
153,Excellent,95,71.9,133.0,137.5,0.699,0.03,0.006,0.526,0.775,0.297,0.051,0.775,1.002,0.985,bright,dark,mature,1,78,Suitable
341,Good,84,45.7,158.4,179.1,0.592,0.064,0.029,3.529,0.601,0.171,0.117,0.656,1.238,0.883,dim,dark,young,13,66,Suitable
1185,Poor,32,25.6,34.1,198.7,0.263,0.298,0.389,6.44,0.294,0.105,0.528,0.562,0.753,0.73,dim,field,young,82,25,Unsuitable
935,Poor,33,39.7,68.1,204.2,0.169,0.507,0.274,13.447,0.319,0.067,0.34,0.419,1.38,0.683,mixed,mixed,young,63,37,Unsuitable
812,Moderate,61,36.3,107.9,150.7,0.583,0.23,0.056,5.435,0.589,0.15,0.124,0.62,0.803,0.778,bright,white,young,37,67,Marginal
659,Moderate,47,76.2,118.3,111.5,0.327,0.298,0.131,5.698,0.528,0.138,0.129,0.63,0.841,0.748,dim,field,mature,39,47,Marginal
424,Good,76,53.6,165.9,129.7,0.629,0.117,0.029,1.698,0.699,0.183,0.06,0.867,0.87,0.859,dim,mixed,mature,10,66,Suitable
278,Excellent,95,70.3,181.0,163.4,0.658,0.002,0.011,0.935,0.907,0.173,0.051,0.781,1.058,0.96,bright,field,mature,7,88,Suitable
207,Excellent,97,64.2,154.3,142.4,0.859,0.04,0.014,1.658,0.938,0.237,0.038,0.862,0.931,0.958,mixed,mixed,mature,5,83,Suitable
1150,Poor,26,25.6,108.6,100.5,0.145,0.285,0.403,11.919,0.514,0.048,0.483,0.452,0.592,0.664,bright,white,old,80,28,Unsuitable
839,Moderate,57,42.3,131.3,143.0,0.524,0.286,0.14,4.755,0.655,0.076,0.224,0.519,1.05,0.801,mixed,field,young,45,70,Marginal
908,Poor,12,28.3,59.5,181.8,0.259,0.332,0.36,9.82,0.263,0.128,0.53,0.364,0.938,0.652,bright,white,young,81,35,Unsuitable
46,Excellent,96,53.8,178.9,150.3,0.818,0.017,0.019,0.625,0.886,0.154,0.035,0.725,1.239,0.985,bright,white,mature,2,82,Suitable
849,Moderate,55,61.9,96.5,167.1,0.385,0.208,0.127,3.584,0.646,0.135,0.194,0.738,1.004,0.713,dim,dark,young,39,59,Marginal
1187,Poor,21,26.9,89.4,126.0,0.19,0.309,0.436,5.769,0.44,0.051,0.479,0.467,1.212,0.694,dim,mixed,young,50,39,Unsuitable
104,Excellent,95,61.2,161.0,115.6,0.872,0.028,0.013,1.48,0.764,0.152,0.064,0.889,0.936,0.947,bright,dark,mature,1,92,Suitable
649,Moderate,49,47.9,85.7,125.3,0.465,0.165,0.174,5.207,0.537,0.167,0.187,0.547,1.176,0.715,bright,field,young,45,57,Marginal
310,Good,69,45.3,173.7,125.1,0.721,0.137,0.016,2.09,0.701,0.253,0.11,0.846,1.03,0.939,bright,mixed,mature,8,65,Suitable
471,Good,74,47.2,145.6,137.4,0.685,0.11,0.03,3.253,0.791,0.197,0.114,0.714,1.052,0.93,bright,dark,young,10,74,Suitable
592,Good,73,57.0,125.1,126.9,0.515,0.125,0.016,3.819,0.734,0.271,0.096,0.614,1.207,0.87,bright,dark,young,9,72,Suitable
121,Excellent,96,61.4,131.9,100.6,0.662,0.019,0.003,1.201,0.776,0.205,0.037,0.735,0.947,0.92,bright,dark,mature,8,90,Suitable
688,Moderate,50,59.3,97.2,149.8,0.379,0.164,0.165,6.131,0.526,0.133,0.277,0.713,1.166,0.732,bright,field,young,19,66,Marginal
755,Moderate,47,66.3,112.7,118.9,0.338,0.288,0.078,6.328,0.534,0.163,0.268,0.692,0.69,0.702,dim,mixed,old,19,64,Marginal
912,Poor,26,32.1,63.9,116.8,0.283,0.433,0.234,7.803,0.326,0.092,0.412,0.469,1.467,0.532,dim,dark,young,41,26,Unsuitable
556,Good,85,73.2,155.7,160.6,0.611,0.065,0.048,3.865,0.701,0.179,0.071,0.769,0.96,0.85,mixed,white,mature,7,83,Suitable
237,Excellent,88,53.2,184.9,118.9,0.681,0.014,0.013,0.96,0.911,0.199,0.062,0.793,1.124,0.982,mixed,white,mature,4,82,Suitable
32,Excellent,89,60.6,189.9,110.1,0.703,0.043,0.016,1.575,0.777,0.286,0.071,0.78,1.125,0.948,bright,field,mature,8,81,Suitable
196,Excellent,98,67.2,162.4,116.3,0.893,0.01,0.005,1.723,0.777,0.235,0.028,0.893,1.215,0.99,mixed,white,mature,8,81,Suitable
696,Moderate,46,77.0,70.6,114.2,0.482,0.219,0.093,6.072,0.453,0.082,0.13,0.759,0.653,0.748,dim,dark,old,34,46,Marginal
731,Moderate,57,41.6,86.4,141.2,0.567,0.251,0.131,4.855,0.579,0.123,0.16,0.607,0.673,0.714,bright,dark,young,29,52,Marginal
1035,Poor,25,30.5,86.9,108.0,0.263,0.453,0.235,8.755,0.258,0.103,0.309,0.498,1.597,0.531,dim,field,old,79,42,Unsuitable
1003,Poor,38,38.1,34.2,117.4,0.072,0.428,0.443,13.085,0.34,0.1,0.243,0.64,1.688,0.735,bright,mixed,old,83,48,Unsuitable
1159,Poor,32,28.3,58.4,98.6,0.051,0.447,0.452,10.086,0.408,0.09,0.521,0.616,0.968,0.705,mixed,field,young,53,43,Unsuitable
1183,Poor,12,28.2,51.7,200.5,0.165,0.436,0.27,12.787,0.302,0.052,0.496,0.574,1.494,0.52,dim,field,young,65,42,Unsuitable
909,Poor,17,38.6,40.3,210.9,0.173,0.321,0.173,9.675,0.298,0.045,0.546,0.505,1.671,0.666,bright,white,old,43,38,Unsuitable
86,Excellent,91,71.8,158.2,150.9,0.857,0.019,0.003,0.671,0.894,0.187,0.076,0.854,1.201,0.98,mixed,mixed,mature,6,81,Suitable
506,Good,86,68.5,111.2,91.7,0.749,0.046,0.035,3.246,0.686,0.183,0.122,0.8,1.372,0.871,bright,white,mature,13,78,Suitable
410,Good,80,59.3,159.7,108.5,0.557,0.096,0.044,3.757,0.729,0.121,0.149,0.67,0.814,0.92,dim,white,mature,11,82,Suitable
282,Excellent,93,56.4,198.2,115.2,0.732,0.024,0.018,0.679,0.818,0.317,0.044,0.755,1.062,0.934,bright,white,mature,3,91,Suitable
37,Excellent,93,60.0,163.4,136.8,0.718,0.018,0.02,0.661,0.779,0.195,0.042,0.783,1.117,0.904,mixed,white,mature,8,83,Suitable
877,Moderate,47,32.0,106.6,88.9,0.496,0.257,0.127,5.41,0.627,0.072,0.246,0.504,1.308,0.831,mixed,mixed,old,44,49,Marginal
163,Excellent,86,61.3,175.0,128.2,0.758,0.026,0.003,1.763,0.856,0.285,0.053,0.718,0.815,0.939,mixed,white,mature,4,79,Suitable
1086,Poor,23,25.8,52.5,123.1,0.211,0.28,0.319,5.808,0.327,0.127,0.319,0.332,1.424,0.708,dim,field,old,60,32,Unsuitable
1177,Poor,29,18.4,112.6,64.6,0.103,0.421,0.248,10.889,0.292,0.127,0.374,0.585,0.794,0.7,mixed,dark,young,88,36,Unsuitable
883,Moderate,57,33.6,126.7,99.2,0.323,0.169,0.148,2.602,0.658,0.087,0.108,0.536,1.156,0.835,bright,white,old,34,62,Marginal
931,Poor,11,40.8,94.9,111.8,0.126,0.321,0.193,8.386,0.274,0.096,0.38,0.423,0.71,0.584,mixed,white,old,63,47,Unsuitable
404,Good,75,64.0,117.2,138.6,0.607,0.103,0.043,2.808,0.673,0.111,0.129,0.729,0.803,0.944,mixed,dark,young,7,81,Suitable
1169,Poor,44,31.8,102.0,60.2,0.236,0.394,0.344,6.873,0.351,0.113,0.382,0.459,1.076,0.669,bright,dark,old,78,34,Unsuitable
144,Excellent,92,55.7,191.2,168.7,0.678,0.043,0.014,1.934,0.895,0.328,0.073,0.821,0.942,0.931,bright,dark,mature,4,88,Suitable
374,Good,84,59.8,148.3,135.7,0.511,0.058,0.036,2.193,0.702,0.102,0.059,0.701,1.12,0.862,mixed,field,young,18,76,Suitable
459,Good,82,73.6,120.6,100.1,0.547,0.094,0.042,2.75,0.627,0.223,0.128,0.824,1.172,0.915,mixed,field,young,13,76,Suitable
842,Moderate,52,64.8,96.6,173.9,0.422,0.263,0.143,5.787,0.537,0.126,0.101,0.701,1.464,0.715,bright,dark,old,37,45,Marginal
441,Good,82,57.4,133.4,134.4,0.583,0.04,0.014,1.136,0.737,0.108,0.133,0.728,1.185,0.845,dim,dark,young,16,68,Suitable
56,Excellent,90,65.9,155.5,160.2,0.753,0.032,0.012,1.427,0.814,0.322,0.072,0.768,1.171,0.954,mixed,dark,mature,2,86,Suitable
188,Excellent,93,62.2,198.9,138.2,0.873,0.022,0.01,1.07,0.797,0.339,0.036,0.823,0.814,0.967,bright,mixed,mature,3,83,Suitable
896,Moderate,62,43.5,98.5,198.0,0.456,0.195,0.074,2.93,0.463,0.146,0.114,0.766,1.058,0.833,bright,mixed,old,25,53,Marginal
489,Good,69,65.6,129.0,171.8,0.618,0.135,0.02,2.626,0.782,0.118,0.112,0.609,1.234,0.828,dim,field,young,6,74,Suitable
889,Moderate,69,75.5,127.6,160.5,0.489,0.102,0.106,5.043,0.648,0.083,0.256,0.773,1.36,0.786,bright,field,mature,39,63,Marginal
258,Excellent,93,67.1,187.4,178.7,0.811,0.02,0.016,0.899,0.905,0.16,0.073,0.865,1.211,0.963,bright,dark,mature,6,92,Suitable
622,Moderate,69,68.8,105.0,153.4,0.534,0.155,0.097,5.105,0.642,0.081,0.23,0.7,1.566,0.767,mixed,field,young,35,62,Marginal
57,Excellent,99,57.0,162.2,133.1,0.863,0.013,0.014,1.66,0.868,0.183,0.069,0.768,0.933,0.91,bright,dark,mature,3,78,Suitable
178,Excellent,100,57.4,191.7,125.9,0.651,0.013,0.015,0.959,0.815,0.169,0.078,0.702,1.286,0.963,mixed,field,mature,1,80,Suitable
239,Excellent,95,52.9,165.2,108.7,0.684,0.014,0.012,1.712,0.823,0.161,0.069,0.842,1.093,0.909,bright,dark,mature,1,91,Suitable
1072,Poor,43,44.9,78.6,166.5,0.051,0.271,0.456,6.232,0.497,0.106,0.425,0.347,0.785,0.503,dim,field,old,54,42,Unsuitable
620,Moderate,48,34.8,72.4,186.8,0.376,0.286,0.078,2.701,0.634,0.152,0.199,0.733,1.406,0.839,dim,mixed,old,28,57,Marginal
681,Moderate,53,67.9,102.1,119.0,0.596,0.116,0.05,3.514,0.595,0.12,0.102,0.725,1.34,0.872,bright,dark,old,21,54,Marginal
807,Moderate,50,66.5,113.5,177.7,0.328,0.219,0.082,2.912,0.552,0.192,0.135,0.59,1.112,0.808,bright,field,mature,29,53,Marginal
635,Moderate,58,63.6,121.5,117.1,0.429,0.279,0.156,3.432,0.536,0.074,0.109,0.771,1.345,0.82,dim,mixed,mature,21,63,Marginal
1119,Poor,14,18.3,34.9,214.1,0.282,0.342,0.326,6.314,0.298,0.082,0.454,0.643,1.507,0.7,bright,mixed,young,61,15,Unsuitable
566,Good,72,55.0,110.2,124.5,0.509,0.093,0.035,2.319,0.702,0.113,0.051,0.828,0.758,0.876,bright,mixed,mature,15,81,Suitable
272,Excellent,98,65.7,191.1,155.6,0.699,0.045,0.016,1.496,0.753,0.174,0.045,0.755,1.207,0.968,mixed,dark,mature,8,83,Suitable
544,Good,84,52.2,113.3,182.1,0.617,0.089,0.046,3.954,0.806,0.177,0.052,0.644,0.827,0.894,bright,field,mature,19,76,Suitable
5,Excellent,92,63.0,175.3,155.9,0.851,0.02,0.004,1.748,0.752,0.18,0.073,0.911,1.202,0.983,bright,dark,mature,5,92,Suitable
634,Moderate,57,72.5,78.7,170.9,0.599,0.181,0.058,4.012,0.526,0.111,0.132,0.528,0.807,0.854,dim,dark,mature,36,65,Marginal
551,Good,78,56.5,173.7,90.4,0.72,0.05,0.013,2.236,0.73,0.22,0.121,0.715,0.761,0.868,bright,dark,young,13,72,Suitable
728,Moderate,57,79.1,90.6,186.9,0.538,0.101,0.151,6.915,0.453,0.137,0.136,0.536,1.3,0.755,dim,field,mature,22,66,Marginal
1095,Poor,10,24.1,84.8,199.2,0.157,0.306,0.39,13.949,0.312,0.118,0.373,0.635,1.24,0.537,dim,white,young,42,44,Unsuitable
827,Moderate,51,63.8,137.0,127.9,0.348,0.204,0.074,3.242,0.581,0.118,0.143,0.747,0.788,0.841,dim,dark,mature,20,70,Marginal
1197,Poor,18,29.0,41.1,123.8,0.178,0.398,0.374,9.277,0.479,0.06,0.469,0.369,0.796,0.598,mixed,field,young,49,23,Unsuitable
25,Excellent,98,65.1,164.5,125.1,0.699,0.023,0.017,1.88,0.902,0.22,0.07,0.83,0.906,0.94,mixed,dark,mature,2,84,Suitable
38,Excellent,92,62.9,185.8,165.7,0.887,0.041,0.006,0.621,0.758,0.256,0.047,0.724,1.2,0.972,mixed,white,mature,7,87,Suitable
468,Good,87,55.4,116.9,151.3,0.55,0.119,0.041,3.352,0.729,0.2,0.07,0.606,1.033,0.89,mixed,white,mature,19,75,Suitable
1024,Poor,31,31.4,80.2,163.3,0.294,0.379,0.277,10.311,0.285,0.09,0.241,0.431,1.137,0.568,mixed,field,young,66,20,Unsuitable
627,Moderate,44,66.3,101.5,195.4,0.318,0.115,0.071,4.18,0.674,0.178,0.263,0.565,1.088,0.82,mixed,white,mature,22,68,Marginal
564,Good,87,52.4,146.8,91.4,0.627,0.032,0.028,1.188,0.779,0.12,0.075,0.672,0.886,0.824,dim,field,young,11,77,Suitable
381,Good,84,58.3,143.3,130.1,0.561,0.064,0.043,1.707,0.802,0.151,0.132,0.772,0.833,0.905,dim,white,mature,16,76,Suitable
1026,Poor,26,16.9,94.1,140.3,0.061,0.494,0.223,8.571,0.39,0.124,0.237,0.455,1.579,0.722,mixed,white,young,43,26,Unsuitable
749,Moderate,43,30.8,88.8,134.9,0.489,0.11,0.143,6.551,0.48,0.196,0.219,0.533,1.18,0.822,dim,white,young,37,48,Marginal
857,Moderate,60,52.1,82.0,124.0,0.42,0.251,0.164,6.96,0.554,0.165,0.253,0.679,0.909,0.849,bright,white,old,22,56,Marginal
148,Excellent,91,59.7,156.5,177.1,0.84,0.003,0.002,0.644,0.861,0.238,0.078,0.71,1.271,0.968,bright,dark,mature,0,89,Suitable
629,Moderate,65,77.8,113.8,161.3,0.495,0.137,0.133,5.73,0.504,0.074,0.161,0.693,1.153,0.725,dim,field,mature,25,70,Marginal
225,Excellent,90,56.9,153.6,121.3,0.677,0.004,0.013,0.756,0.897,0.198,0.043,0.798,0.9,0.972,bright,white,mature,4,91,Suitable
949,Poor,9,25.6,63.8,139.0,0.228,0.335,0.387,7.556,0.476,0.132,0.228,0.585,0.692,0.506,dim,field,old,40,46,Unsuitable
98,Excellent,89,62.9,198.0,108.9,0.851,0.003,0.016,1.143,0.802,0.287,0.053,0.883,1.248,0.946,mixed,mixed,mature,1,87,Suitable
379,Good,75,63.6,134.9,118.2,0.691,0.114,0.028,1.623,0.641,0.148,0.064,0.616,1.334,0.843,bright,field,mature,8,80,Suitable
523,Good,83,46.4,111.4,155.8,0.604,0.09,0.025,3.14,0.786,0.236,0.123,0.663,1.329,0.929,mixed,dark,mature,10,85,Suitable
617,Moderate,59,35.0,131.7,196.6,0.582,0.215,0.113,4.67,0.523,0.072,0.238,0.706,1.121,0.722,mixed,dark,mature,37,57,Marginal
325,Good,78,51.6,110.8,136.3,0.618,0.06,0.039,3.705,0.758,0.126,0.147,0.767,0.784,0.828,dim,dark,young,5,70,Suitable
230,Excellent,94,54.4,137.2,179.3,0.748,0.032,0.009,1.143,0.756,0.191,0.037,0.706,0.808,0.983,bright,field,mature,4,88,Suitable
192,Excellent,96,66.6,190.4,111.2,0.774,0.037,0.008,1.686,0.779,0.173,0.03,0.728,1.104,0.946,mixed,white,mature,5,92,Suitable
678,Moderate,48,36.1,108.0,168.2,0.519,0.281,0.15,6.768,0.545,0.198,0.171,0.534,1.156,0.731,bright,dark,young,18,68,Marginal
570,Good,75,77.6,144.1,143.5,0.614,0.102,0.025,1.794,0.638,0.116,0.093,0.623,0.963,0.871,mixed,dark,mature,7,71,Suitable
612,Moderate,45,41.7,81.4,170.7,0.565,0.263,0.144,4.934,0.56,0.159,0.131,0.573,1.415,0.704,dim,dark,young,25,53,Marginal
546,Good,85,77.9,175.8,169.1,0.723,0.047,0.045,1.339,0.658,0.198,0.11,0.76,0.903,0.95,dim,mixed,young,15,83,Suitable
340,Good,74,66.7,169.2,127.2,0.668,0.038,0.057,1.821,0.616,0.264,0.065,0.871,1.063,0.943,bright,mixed,young,19,69,Suitable
248,Excellent,93,60.4,157.3,127.6,0.788,0.003,0.006,0.826,0.774,0.21,0.06,0.717,0.909,0.965,mixed,dark,mature,4,78,Suitable
1181,Poor,36,40.5,117.1,199.3,0.204,0.46,0.287,10.765,0.478,0.067,0.374,0.332,0.675,0.671,dim,white,old,45,24,Unsuitable
758,Moderate,66,64.8,135.6,83.6,0.382,0.182,0.08,6.446,0.658,0.072,0.116,0.548,0.849,0.85,dim,mixed,mature,33,63,Marginal
548,Good,81,56.5,165.6,118.9,0.59,0.126,0.06,2.656,0.704,0.265,0.061,0.685,1.447,0.86,bright,dark,mature,18,79,Suitable
783,Moderate,59,36.9,138.5,198.6,0.303,0.202,0.043,2.743,0.515,0.166,0.218,0.607,0.823,0.817,mixed,field,mature,26,46,Marginal
833,Moderate,47,53.3,109.2,102.4,0.58,0.161,0.097,6.259,0.605,0.149,0.216,0.608,0.935,0.854,bright,mixed,mature,18,70,Marginal
753,Moderate,43,46.4,100.2,113.7,0.583,0.278,0.054,2.88,0.534,0.16,0.264,0.753,1.048,0.789,dim,field,mature,20,53,Marginal
6,Excellent,96,67.3,164.8,134.7,0.816,0.002,0.006,1.186,0.912,0.238,0.063,0.912,0.929,0.983,mixed,white,mature,2,84,Suitable
853,Moderate,72,47.5,117.6,139.2,0.49,0.119,0.104,3.756,0.566,0.111,0.12,0.589,0.767,0.796,mixed,dark,old,41,60,Marginal
31,Excellent,94,71.5,171.7,139.1,0.815,0.018,0.002,1.343,0.91,0.302,0.078,0.911,1.064,0.978,bright,white,mature,1,92,Suitable
1071,Poor,10,40.6,110.5,78.8,0.185,0.51,0.254,7.041,0.276,0.044,0.243,0.564,1.365,0.567,dim,mixed,young,83,22,Unsuitable
245,Excellent,96,66.0,130.3,125.8,0.837,0.016,0.016,1.483,0.813,0.348,0.061,0.77,1.033,0.938,mixed,dark,mature,3,81,Suitable
442,Good,78,50.1,178.2,151.4,0.528,0.044,0.034,1.807,0.78,0.126,0.074,0.724,1.006,0.944,mixed,dark,mature,11,69,Suitable
357,Good,79,61.5,100.4,147.2,0.651,0.145,0.054,2.04,0.748,0.205,0.1,0.729,1.299,0.863,dim,white,young,15,67,Suitable
244,Excellent,93,60.2,177.7,121.6,0.68,0.044,0.001,0.639,0.877,0.208,0.042,0.719,1.284,0.938,bright,dark,mature,5,87,Suitable
2,Excellent,87,61.0,187.0,154.8,0.82,0.011,0.005,1.97,0.936,0.311,0.08,0.813,0.838,0.931,mixed,dark,mature,8,86,Suitable
277,Excellent,100,56.1,143.6,156.2,0.814,0.018,0.011,1.959,0.945,0.304,0.067,0.907,1.201,0.935,mixed,dark,mature,6,81,Suitable
852,Moderate,68,47.1,99.3,176.1,0.32,0.243,0.051,4.483,0.651,0.139,0.276,0.722,1.381,0.76,mixed,white,young,41,57,Marginal
792,Moderate,68,44.9,94.5,147.5,0.378,0.248,0.114,3.635,0.547,0.091,0.141,0.737,1.144,0.805,mixed,mixed,old,28,48,Marginal
530,Good,88,67.7,164.1,175.1,0.624,0.111,0.012,2.012,0.807,0.121,0.116,0.741,1.114,0.924,bright,dark,mature,7,71,Suitable
13,Excellent,100,63.4,167.7,108.8,0.829,0.028,0.011,0.822,0.809,0.204,0.053,0.722,0.932,0.986,bright,dark,mature,2,79,Suitable
53,Excellent,92,71.6,138.2,131.8,0.764,0.017,0.01,1.822,0.77,0.197,0.039,0.701,1.245,0.969,mixed,white,mature,2,85,Suitable
481,Good,85,69.1,139.7,105.3,0.742,0.055,0.054,1.157,0.796,0.22,0.104,0.69,1.383,0.842,dim,field,mature,11,85,Suitable
324,Good,84,49.4,173.0,98.8,0.634,0.101,0.054,2.081,0.733,0.165,0.133,0.767,0.791,0.946,dim,mixed,young,19,65,Suitable
136,Excellent,89,57.2,137.9,118.9,0.731,0.009,0.01,1.175,0.79,0.157,0.023,0.891,1.105,0.974,mixed,mixed,mature,7,92,Suitable
687,Moderate,52,69.8,144.2,128.9,0.37,0.202,0.076,4.015,0.644,0.193,0.234,0.671,1.438,0.737,dim,dark,old,29,63,Marginal
583,Good,74,75.1,132.4,132.4,0.647,0.111,0.043,3.899,0.793,0.176,0.116,0.871,0.878,0.886,bright,white,young,15,78,Suitable
579,Good,84,71.8,139.9,133.4,0.665,0.148,0.039,1.465,0.657,0.12,0.138,0.647,1.022,0.856,mixed,white,mature,8,80,Suitable
132,Excellent,94,57.9,196.9,128.0,0.675,0.021,0.01,1.907,0.857,0.235,0.033,0.724,1.097,0.904,mixed,mixed,mature,7,78,Suitable
1091,Poor,32,26.2,30.6,63.5,0.15,0.444,0.356,6.727,0.447,0.095,0.456,0.435,1.457,0.566,bright,field,old,82,36,Unsuitable
658,Moderate,59,48.9,95.1,114.6,0.417,0.184,0.076,4.156,0.674,0.18,0.155,0.513,1.202,0.785,mixed,white,old,38,56,Marginal
663,Moderate,71,33.9,79.4,117.9,0.53,0.108,0.05,4.644,0.552,0.086,0.134,0.533,1.17,0.733,dim,field,mature,25,64,Marginal
465,Good,81,55.0,143.4,97.8,0.548,0.083,0.049,1.421,0.728,0.147,0.06,0.647,1.352,0.84,bright,dark,young,22,72,Suitable
855,Moderate,62,57.3,99.9,193.2,0.437,0.259,0.138,3.229,0.501,0.077,0.182,0.596,0.735,0.792,mixed,mixed,old,37,45,Marginal
247,Excellent,97,70.5,195.8,141.6,0.782,0.005,0.017,0.899,0.847,0.344,0.072,0.709,1.039,0.96,bright,white,mature,0,89,Suitable
952,Poor,25,41.5,100.8,188.2,0.09,0.45,0.41,5.425,0.438,0.107,0.508,0.327,1.442,0.741,mixed,dark,old,72,21,Unsuitable
457,Good,81,74.4,168.7,145.4,0.526,0.108,0.043,3.289,0.711,0.188,0.135,0.824,1.016,0.844,dim,field,mature,17,73,Suitable
395,Good,74,47.1,121.9,173.1,0.624,0.052,0.037,3.832,0.619,0.257,0.136,0.776,1.076,0.91,dim,mixed,young,13,74,Suitable
194,Excellent,93,55.5,184.6,166.1,0.706,0.028,0.016,1.628,0.845,0.226,0.06,0.818,0.883,0.953,bright,white,mature,5,90,Suitable
661,Moderate,60,37.1,97.6,103.0,0.423,0.155,0.043,4.535,0.481,0.187,0.137,0.738,0.969,0.789,bright,field,young,33,53,Marginal
198,Excellent,93,68.8,197.3,101.0,0.691,0.031,0.019,0.551,0.887,0.272,0.049,0.906,0.96,0.943,mixed,field,mature,5,78,Suitable
416,Good,71,48.0,151.3,120.4,0.552,0.073,0.055,2.857,0.755,0.186,0.12,0.713,0.875,0.939,dim,dark,young,6,73,Suitable
21,Excellent,87,71.1,156.6,177.1,0.779,0.032,0.003,1.263,0.767,0.297,0.04,0.758,0.821,0.953,mixed,dark,mature,3,80,Suitable
787,Moderate,64,32.1,130.1,141.1,0.4,0.217,0.133,5.702,0.59,0.095,0.212,0.659,0.854,0.836,mixed,dark,mature,43,49,Marginal
182,Excellent,88,60.9,156.2,119.8,0.714,0.002,0.011,1.35,0.833,0.307,0.049,0.822,0.819,0.99,mixed,mixed,mature,1,87,Suitable
1067,Poor,39,36.8,105.2,78.6,0.274,0.347,0.328,5.029,0.44,0.078,0.466,0.394,0.664,0.621,dim,mixed,young,68,15,Unsuitable
999,Poor,17,41.6,80.4,115.2,0.206,0.522,0.222,12.449,0.361,0.077,0.433,0.327,1.012,0.742,dim,dark,old,52,46,Unsuitable
902,Poor,26,43.6,30.3,205.8,0.216,0.445,0.266,12.437,0.299,0.044,0.274,0.352,0.76,0.665,mixed,white,young,78,27,Unsuitable
30,Excellent,100,61.8,131.5,164.7,0.713,0.038,0.004,0.91,0.918,0.23,0.033,0.712,1.005,0.906,mixed,mixed,mature,8,88,Suitable
983,Poor,38,24.8,86.3,214.9,0.098,0.27,0.23,14.0,0.26,0.113,0.546,0.417,1.257,0.644,bright,dark,old,78,48,Unsuitable
1081,Poor,12,45.0,71.4,214.3,0.15,0.366,0.434,13.454,0.251,0.115,0.466,0.401,1.248,0.562,dim,mixed,old,58,37,Unsuitable
329,Good,75,66.8,141.7,139.9,0.688,0.041,0.025,3.199,0.7,0.144,0.1,0.698,1.124,0.876,mixed,mixed,mature,5,76,Suitable
9,Excellent,91,62.4,143.8,101.1,0.677,0.044,0.001,1.021,0.821,0.304,0.022,0.812,0.964,0.927,bright,mixed,mature,5,92,Suitable
569,Good,75,58.9,142.9,132.4,0.613,0.083,0.055,2.187,0.645,0.192,0.125,0.766,1.418,0.94,mixed,dark,mature,6,81,Suitable
590,Good,77,45.2,126.8,154.6,0.654,0.089,0.042,3.408,0.717,0.133,0.069,0.642,0.786,0.833,dim,mixed,mature,12,85,Suitable
364,Good,79,59.5,176.0,122.5,0.596,0.122,0.015,3.644,0.612,0.207,0.11,0.798,1.348,0.845,bright,dark,mature,9,78,Suitable
970,Poor,33,39.4,113.5,91.2,0.173,0.455,0.265,8.425,0.39,0.131,0.476,0.612,1.291,0.622,dim,mixed,young,49,21,Unsuitable
690,Moderate,65,69.8,137.1,170.0,0.348,0.253,0.129,2.975,0.522,0.108,0.151,0.715,0.793,0.863,mixed,field,young,21,49,Marginal
499,Good,81,68.5,121.2,119.5,0.659,0.1,0.011,2.739,0.629,0.27,0.137,0.671,0.922,0.855,dim,white,young,6,77,Suitable
938,Poor,28,44.4,85.1,130.3,0.211,0.492,0.211,7.972,0.269,0.054,0.536,0.303,1.642,0.605,mixed,white,young,87,46,Unsuitable
375,Good,78,59.6,132.6,150.0,0.725,0.058,0.036,1.615,0.818,0.14,0.081,0.689,1.124,0.841,bright,field,young,5,73,Suitable
403,Good,82,52.8,108.9,115.1,0.615,0.072,0.013,3.07,0.737,0.169,0.088,0.797,1.324,0.937,bright,mixed,young,19,66,Suitable
951,Poor,36,16.4,113.9,210.0,0.152,0.262,0.345,9.912,0.493,0.093,0.473,0.496,1.053,0.713,dim,white,young,84,18,Unsuitable
1028,Poor,12,29.1,76.6,152.0,0.32,0.324,0.317,12.925,0.253,0.087,0.25,0.544,1.399,0.56,mixed,white,young,84,24,Unsuitable
448,Good,89,61.7,169.7,127.4,0.537,0.116,0.051,1.485,0.81,0.217,0.141,0.67,0.81,0.838,bright,white,young,6,70,Suitable
829,Moderate,44,66.7,108.4,123.9,0.577,0.177,0.132,4.554,0.624,0.184,0.225,0.686,0.691,0.714,bright,dark,old,34,57,Marginal
500,Good,85,57.1,150.5,99.2,0.609,0.079,0.045,2.98,0.682,0.206,0.126,0.782,0.767,0.882,dim,dark,young,13,67,Suitable
322,Good,80,73.8,117.7,188.2,0.507,0.068,0.012,2.403,0.631,0.254,0.116,0.829,0.863,0.909,bright,white,mature,22,79,Suitable
587,Good,73,69.0,119.1,93.9,0.724,0.124,0.013,1.869,0.776,0.201,0.075,0.878,1.028,0.91,dim,mixed,mature,9,77,Suitable
419,Good,87,52.4,169.4,105.3,0.686,0.055,0.039,3.952,0.639,0.116,0.098,0.64,0.924,0.938,dim,field,mature,6,77,Suitable
1158,Poor,26,32.4,109.5,143.6,0.158,0.467,0.326,13.376,0.333,0.07,0.365,0.565,1.146,0.558,bright,field,young,48,44,Unsuitable
48,Excellent,95,64.5,161.1,109.7,0.707,0.016,0.016,1.769,0.941,0.238,0.047,0.907,0.949,0.94,mixed,dark,mature,6,85,Suitable
1125,Poor,28,28.1,72.3,128.5,0.199,0.53,0.22,8.181,0.302,0.072,0.357,0.476,1.147,0.751,dim,dark,young,55,27,Unsuitable
716,Moderate,67,78.6,95.5,136.1,0.53,0.138,0.174,4.619,0.517,0.071,0.178,0.657,1.373,0.829,mixed,dark,mature,19,63,Marginal
155,Excellent,91,66.6,176.0,136.7,0.677,0.003,0.002,1.687,0.879,0.173,0.048,0.88,0.803,0.964,bright,mixed,mature,6,83,Suitable
382,Good,71,52.9,138.6,169.6,0.556,0.074,0.011,1.271,0.698,0.17,0.09,0.853,0.928,0.927,bright,field,young,11,82,Suitable
203,Excellent,99,53.7,140.5,174.4,0.777,0.041,0.016,0.951,0.76,0.243,0.074,0.765,1.205,0.928,mixed,mixed,mature,5,90,Suitable
1033,Poor,17,30.2,116.9,70.9,0.181,0.296,0.474,6.17,0.371,0.112,0.355,0.627,1.189,0.756,bright,white,young,41,21,Unsuitable
337,Good,81,45.5,108.7,119.7,0.587,0.1,0.014,2.312,0.746,0.271,0.126,0.846,1.28,0.857,dim,white,young,18,66,Suitable
796,Moderate,44,66.4,148.9,174.0,0.391,0.221,0.092,3.552,0.475,0.112,0.278,0.724,1.091,0.772,dim,white,young,33,49,Marginal
946,Poor,31,43.7,42.7,202.5,0.083,0.253,0.388,12.412,0.374,0.078,0.525,0.456,1.707,0.544,dim,field,old,65,24,Unsuitable
865,Moderate,60,58.4,78.1,159.0,0.446,0.206,0.097,2.909,0.512,0.137,0.268,0.538,0.968,0.735,bright,white,young,38,54,Marginal
1117,Poor,27,37.1,116.9,136.6,0.253,0.275,0.232,5.946,0.479,0.089,0.532,0.395,1.404,0.509,bright,mixed,young,78,21,Unsuitable
342,Good,84,57.7,179.6,175.9,0.595,0.117,0.051,2.789,0.667,0.129,0.068,0.88,0.796,0.909,bright,mixed,young,22,85,Suitable
1152,Poor,39,17.3,112.6,85.8,0.141,0.551,0.247,11.277,0.512,0.103,0.336,0.452,1.44,0.682,dim,dark,old,65,47,Unsuitable
1105,Poor,36,29.2,67.6,138.1,0.087,0.598,0.278,6.306,0.371,0.083,0.249,0.65,1.42,0.657,dim,dark,old,65,22,Unsuitable
528,Good,69,66.0,167.2,113.9,0.671,0.091,0.041,1.446,0.606,0.101,0.09,0.643,1.11,0.838,dim,white,mature,8,77,Suitable
1191,Poor,18,41.7,54.6,218.8,0.129,0.3,0.387,6.636,0.256,0.133,0.539,0.46,1.606,0.682,bright,dark,young,49,16,Unsuitable
128,Excellent,91,67.1,154.6,164.0,0.871,0.047,0.014,1.061,0.876,0.295,0.061,0.772,1.02,0.968,mixed,white,mature,2,89,Suitable
236,Excellent,93,69.8,157.5,106.1,0.882,0.031,0.004,1.767,0.837,0.259,0.063,0.728,0.934,0.943,bright,white,mature,0,85,Suitable
260,Excellent,93,62.0,196.2,128.9,0.68,0.016,0.01,1.937,0.918,0.3,0.04,0.891,0.928,0.967,bright,dark,mature,5,78,Suitable
984,Poor,36,31.8,43.0,154.8,0.152,0.363,0.223,10.617,0.503,0.079,0.536,0.401,0.639,0.654,dim,white,young,61,37,Unsuitable
240,Excellent,93,68.1,173.3,176.4,0.827,0.004,0.003,1.318,0.949,0.21,0.051,0.714,1.134,0.946,mixed,field,mature,5,91,Suitable
1123,Poor,26,17.4,96.8,178.8,0.106,0.447,0.397,5.45,0.442,0.135,0.537,0.368,0.526,0.726,mixed,mixed,old,60,31,Unsuitable
422,Good,75,56.7,132.5,140.0,0.71,0.123,0.038,1.731,0.812,0.217,0.071,0.62,0.952,0.843,mixed,dark,mature,9,71,Suitable
436,Good,76,46.5,159.0,189.5,0.6,0.121,0.027,1.669,0.612,0.156,0.128,0.782,1.339,0.905,dim,white,young,10,73,Suitable
317,Good,82,72.6,128.5,145.2,0.654,0.082,0.049,1.946,0.655,0.167,0.055,0.717,1.187,0.927,bright,dark,mature,20,82,Suitable
1195,Poor,20,34.4,99.4,146.0,0.142,0.525,0.18,6.737,0.35,0.126,0.411,0.409,1.021,0.601,bright,field,old,57,39,Unsuitable
397,Good,79,59.5,147.9,181.7,0.6,0.147,0.036,3.5,0.714,0.23,0.13,0.667,1.035,0.897,mixed,dark,mature,10,74,Suitable
1065,Poor,36,43.6,104.8,208.3,0.103,0.35,0.494,12.253,0.314,0.072,0.311,0.565,1.449,0.687,bright,field,old,69,43,Unsuitable
973,Poor,34,30.2,85.0,178.0,0.093,0.448,0.409,11.442,0.354,0.05,0.275,0.577,0.553,0.73,dim,mixed,old,54,16,Unsuitable
1106,Poor,28,30.0,31.8,200.1,0.098,0.507,0.252,5.203,0.314,0.131,0.524,0.645,1.755,0.581,bright,white,old,48,44,Unsuitable
1060,Poor,31,26.7,66.2,190.4,0.088,0.368,0.46,12.07,0.275,0.042,0.452,0.518,0.992,0.569,mixed,dark,old,47,42,Unsuitable
864,Moderate,65,44.0,98.1,198.9,0.311,0.129,0.053,6.492,0.677,0.14,0.197,0.576,1.483,0.875,dim,dark,old,33,54,Marginal
982,Poor,29,20.7,39.4,79.2,0.11,0.459,0.38,11.656,0.261,0.087,0.472,0.552,1.688,0.698,mixed,dark,young,58,29,Unsuitable
1076,Poor,17,39.1,41.5,178.8,0.076,0.477,0.397,9.49,0.506,0.09,0.281,0.334,1.467,0.679,mixed,field,old,66,49,Unsuitable
332,Good,80,66.1,136.9,183.0,0.731,0.113,0.017,1.456,0.745,0.13,0.082,0.736,1.162,0.894,dim,white,young,11,82,Suitable
466,Good,76,46.7,113.8,185.7,0.716,0.148,0.022,1.891,0.686,0.181,0.067,0.702,1.215,0.889,dim,field,young,5,65,Suitable
250,Excellent,97,56.9,193.4,128.7,0.656,0.0,0.016,1.553,0.896,0.337,0.026,0.842,1.038,0.934,bright,white,mature,0,79,Suitable
1042,Poor,19,17.6,76.8,114.9,0.269,0.261,0.261,8.412,0.487,0.12,0.396,0.335,1.041,0.547,mixed,mixed,young,58,46,Unsuitable
411,Good,90,51.2,148.9,91.9,0.551,0.086,0.04,2.281,0.625,0.261,0.085,0.665,1.249,0.822,bright,dark,young,14,74,Suitable
1079,Poor,47,44.2,110.7,138.1,0.263,0.537,0.15,5.961,0.48,0.074,0.224,0.429,1.383,0.586,mixed,dark,old,85,33,Unsuitable
558,Good,87,48.4,154.5,97.6,0.558,0.034,0.019,2.746,0.738,0.152,0.079,0.868,1.06,0.861,mixed,dark,mature,16,71,Suitable
1051,Poor,15,36.2,107.4,149.1,0.121,0.313,0.37,11.621,0.494,0.077,0.456,0.4,0.824,0.645,mixed,dark,young,49,27,Unsuitable
445,Good,79,71.1,106.4,153.7,0.656,0.079,0.017,1.353,0.672,0.132,0.143,0.841,0.793,0.939,mixed,mixed,mature,13,77,Suitable
928,Poor,22,26.5,62.6,143.8,0.18,0.414,0.356,7.475,0.516,0.111,0.283,0.592,0.578,0.64,mixed,dark,old,73,47,Unsuitable
648,Moderate,52,50.0,140.1,190.6,0.484,0.144,0.148,2.907,0.455,0.113,0.144,0.706,1.003,0.787,bright,dark,young,41,47,Marginal
756,Moderate,48,69.7,124.3,138.7,0.524,0.109,0.141,6.155,0.624,0.096,0.273,0.715,0.856,0.786,mixed,white,young,24,47,Marginal
28,Excellent,90,67.6,185.4,141.2,0.806,0.018,0.011,0.781,0.904,0.347,0.029,0.914,1.272,0.919,mixed,white,mature,2,89,Suitable
920,Poor,13,40.0,45.4,206.9,0.276,0.255,0.419,8.962,0.28,0.127,0.238,0.515,1.092,0.556,dim,field,old,71,36,Unsuitable
52,Excellent,98,69.8,155.5,175.6,0.711,0.029,0.007,1.615,0.924,0.171,0.033,0.808,0.997,0.99,bright,dark,mature,2,84,Suitable
639,Moderate,54,37.3,76.1,82.5,0.314,0.211,0.077,3.173,0.671,0.173,0.122,0.532,1.209,0.726,dim,field,mature,25,48,Marginal
219,Excellent,92,71.1,146.6,156.5,0.78,0.038,0.006,0.531,0.94,0.245,0.029,0.828,1.299,0.916,mixed,white,mature,6,89,Suitable
293,Excellent,96,70.3,150.5,137.8,0.696,0.045,0.003,1.609,0.889,0.195,0.077,0.751,1.231,0.965,bright,white,mature,2,88,Suitable
311,Good,74,66.7,102.5,130.4,0.66,0.058,0.056,2.62,0.78,0.26,0.1,0.718,1.021,0.934,bright,field,mature,8,68,Suitable
980,Poor,24,27.7,67.5,216.6,0.109,0.45,0.391,6.217,0.514,0.135,0.474,0.385,0.871,0.666,dim,mixed,old,54,19,Unsuitable
1113,Poor,23,21.7,74.9,174.2,0.095,0.284,0.216,11.481,0.479,0.054,0.497,0.538,1.072,0.753,bright,white,young,65,27,Unsuitable
321,Good,73,58.6,155.1,104.4,0.744,0.068,0.05,1.493,0.788,0.181,0.126,0.767,1.197,0.881,bright,mixed,young,11,69,Suitable
599,Good,70,65.5,155.6,160.4,0.568,0.065,0.056,1.21,0.775,0.1,0.125,0.708,1.242,0.847,bright,mixed,young,14,76,Suitable
195,Excellent,91,56.5,164.3,153.6,0.679,0.023,0.012,1.488,0.811,0.224,0.069,0.901,0.912,0.933,mixed,mixed,mature,4,83,Suitable
618,Moderate,58,76.2,118.3,125.5,0.442,0.131,0.152,3.035,0.605,0.135,0.244,0.643,0.663,0.847,mixed,dark,mature,32,50,Marginal
816,Moderate,55,79.8,145.1,139.7,0.303,0.196,0.069,6.423,0.613,0.093,0.151,0.598,1.169,0.809,bright,mixed,mature,35,56,Marginal
699,Moderate,53,32.1,108.8,181.3,0.512,0.208,0.056,5.587,0.559,0.083,0.102,0.687,1.154,0.776,bright,white,young,31,70,Marginal
704,Moderate,48,38.5,98.1,156.6,0.397,0.183,0.087,4.3,0.648,0.185,0.269,0.543,0.854,0.868,bright,dark,mature,42,60,Marginal
689,Moderate,48,77.0,95.1,145.8,0.376,0.255,0.098,5.092,0.585,0.119,0.279,0.56,1.566,0.776,dim,white,young,26,45,Marginal
780,Moderate,59,39.5,72.1,160.9,0.337,0.139,0.064,3.959,0.635,0.118,0.163,0.732,1.391,0.74,dim,mixed,young,18,59,Marginal
844,Moderate,58,40.7,147.2,109.6,0.552,0.226,0.09,5.801,0.652,0.129,0.206,0.611,1.426,0.76,dim,mixed,young,23,62,Marginal
407,Good,81,57.0,109.1,177.2,0.658,0.106,0.051,1.677,0.772,0.255,0.144,0.829,1.226,0.936,mixed,mixed,young,8,75,Suitable
940,Poor,39,28.2,118.0,190.4,0.118,0.259,0.428,8.658,0.282,0.079,0.346,0.587,1.026,0.64,dim,mixed,old,68,29,Unsuitable
212,Excellent,97,61.6,167.6,122.8,0.824,0.019,0.017,1.634,0.76,0.256,0.032,0.806,1.104,0.955,bright,white,mature,1,89,Suitable
571,Good,70,63.1,115.0,120.0,0.632,0.122,0.032,2.721,0.614,0.187,0.137,0.794,1.092,0.824,bright,field,young,9,66,Suitable
702,Moderate,59,68.0,126.4,93.3,0.359,0.16,0.174,2.593,0.464,0.179,0.237,0.749,1.094,0.737,mixed,field,mature,40,55,Marginal
352,Good,86,71.4,151.9,109.9,0.719,0.133,0.019,3.541,0.75,0.188,0.135,0.753,0.83,0.824,dim,white,young,22,84,Suitable
1058,Poor,13,42.4,118.0,101.6,0.196,0.517,0.237,9.481,0.257,0.106,0.443,0.505,1.77,0.746,dim,dark,old,56,18,Unsuitable
133,Excellent,92,61.6,133.1,176.7,0.799,0.029,0.014,1.386,0.829,0.341,0.028,0.786,0.89,0.951,mixed,white,mature,1,88,Suitable
1002,Poor,22,29.9,78.4,200.9,0.058,0.513,0.378,8.052,0.49,0.065,0.442,0.351,1.443,0.704,dim,dark,old,90,50,Unsuitable
925,Poor,22,41.1,98.6,184.0,0.12,0.392,0.417,6.324,0.401,0.063,0.482,0.647,1.048,0.523,bright,field,old,90,39,Unsuitable
209,Excellent,89,68.8,159.4,170.7,0.679,0.035,0.015,1.023,0.855,0.244,0.069,0.902,1.052,0.922,mixed,dark,mature,3,91,Suitable
835,Moderate,64,61.8,117.0,167.9,0.431,0.186,0.154,6.808,0.549,0.12,0.198,0.763,1.268,0.722,mixed,field,mature,32,49,Marginal
44,Excellent,97,62.3,167.8,139.6,0.663,0.018,0.011,1.196,0.798,0.153,0.043,0.72,1.137,0.916,bright,dark,mature,3,80,Suitable
273,Excellent,96,71.2,195.0,163.5,0.85,0.044,0.012,1.544,0.815,0.199,0.023,0.889,1.086,0.959,mixed,mixed,mature,0,82,Suitable
116,Excellent,100,63.6,160.1,125.9,0.673,0.041,0.01,0.577,0.946,0.276,0.047,0.769,0.992,0.978,bright,field,mature,5,85,Suitable
582,Good,82,56.8,160.9,147.0,0.605,0.074,0.037,1.195,0.61,0.252,0.083,0.755,1.168,0.874,mixed,dark,young,6,74,Suitable
183,Excellent,90,57.6,159.2,106.8,0.774,0.017,0.002,1.076,0.769,0.238,0.039,0.726,1.268,0.972,mixed,white,mature,0,88,Suitable
113,Excellent,91,63.4,159.1,113.8,0.69,0.048,0.018,0.808,0.774,0.21,0.033,0.774,0.847,0.971,bright,dark,mature,3,92,Suitable
541,Good,80,59.7,178.1,107.7,0.526,0.069,0.029,1.485,0.6,0.246,0.063,0.794,0.934,0.833,bright,field,young,15,83,Suitable
581,Good,74,75.2,166.0,124.8,0.599,0.114,0.054,2.767,0.648,0.23,0.09,0.67,0.897,0.832,dim,white,young,21,68,Suitable
430,Good,74,69.6,126.3,104.1,0.544,0.075,0.019,2.302,0.636,0.221,0.07,0.786,0.927,0.849,mixed,mixed,young,6,80,Suitable
723,Moderate,57,42.2,136.4,137.8,0.598,0.204,0.054,4.005,0.578,0.176,0.178,0.631,1.492,0.747,bright,white,old,23,67,Marginal
1141,Poor,34,33.3,42.2,131.9,0.081,0.415,0.29,11.507,0.263,0.117,0.476,0.423,0.647,0.628,mixed,field,old,40,39,Unsuitable
174,Excellent,92,70.0,165.0,103.2,0.88,0.002,0.014,1.227,0.942,0.318,0.049,0.723,1.011,0.938,mixed,dark,mature,3,79,Suitable
887,Moderate,61,44.4,111.2,154.2,0.325,0.133,0.046,4.919,0.563,0.192,0.197,0.526,1.281,0.864,dim,dark,young,24,50,Marginal
156,Excellent,94,65.0,159.8,153.1,0.813,0.018,0.01,0.967,0.777,0.245,0.045,0.773,1.072,0.979,bright,mixed,mature,4,91,Suitable
557,Good,67,52.7,173.8,159.5,0.538,0.047,0.022,2.622,0.789,0.239,0.145,0.843,0.808,0.95,bright,dark,mature,12,84,Suitable
811,Moderate,63,44.1,77.6,82.8,0.366,0.16,0.153,6.082,0.545,0.093,0.256,0.746,0.96,0.736,dim,white,mature,28,67,Marginal
105,Excellent,95,64.3,152.0,175.5,0.676,0.014,0.016,1.529,0.914,0.34,0.064,0.917,0.855,0.905,mixed,mixed,mature,7,92,Suitable
1114,Poor,11,38.8,112.4,153.3,0.258,0.394,0.298,5.964,0.39,0.045,0.518,0.42,0.86,0.748,bright,mixed,young,40,37,Unsuitable
1015,Poor,39,21.3,37.4,144.3,0.307,0.302,0.345,10.58,0.29,0.076,0.523,0.515,1.003,0.638,mixed,field,young,77,42,Unsuitable
1180,Poor,16,16.0,67.7,147.0,0.346,0.367,0.162,13.717,0.4,0.054,0.526,0.47,1.261,0.757,bright,white,old,81,19,Unsuitable
1166,Poor,27,38.2,99.8,84.6,0.193,0.31,0.351,10.118,0.352,0.109,0.402,0.573,0.956,0.559,dim,field,old,57,32,Unsuitable
297,Excellent,85,63.6,166.4,122.7,0.769,0.03,0.001,0.64,0.905,0.15,0.047,0.75,1.196,0.94,bright,mixed,mature,5,83,Suitable
962,Poor,44,29.7,83.9,184.1,0.093,0.264,0.39,5.826,0.257,0.054,0.359,0.618,0.55,0.636,mixed,mixed,old,78,48,Unsuitable
534,Good,85,55.2,109.0,123.6,0.739,0.067,0.046,2.437,0.77,0.193,0.105,0.787,0.877,0.85,bright,dark,young,12,85,Suitable
945,Poor,21,25.7,47.2,96.2,0.26,0.45,0.24,11.962,0.386,0.097,0.519,0.358,0.751,0.649,mixed,white,old,49,18,Unsuitable
577,Good,84,64.2,161.6,171.1,0.611,0.112,0.035,2.957,0.623,0.215,0.127,0.748,1.424,0.91,dim,mixed,mature,12,83,Suitable
1063,Poor,31,41.5,91.6,100.5,0.253,0.459,0.238,5.28,0.415,0.111,0.337,0.494,1.393,0.61,dim,dark,old,80,29,Unsuitable
538,Good,90,67.8,109.6,94.0,0.501,0.085,0.046,3.048,0.645,0.256,0.099,0.676,1.261,0.91,bright,dark,mature,12,67,Suitable
127,Excellent,87,61.5,142.9,104.2,0.728,0.033,0.018,0.965,0.772,0.193,0.026,0.847,1.041,0.942,bright,white,mature,4,82,Suitable
331,Good,84,47.2,180.0,164.9,0.566,0.082,0.059,3.378,0.691,0.278,0.076,0.683,1.273,0.851,mixed,dark,mature,10,74,Suitable
545,Good,75,68.3,130.5,128.6,0.7,0.061,0.04,2.712,0.774,0.146,0.081,0.774,1.015,0.873,dim,field,young,12,76,Suitable
790,Moderate,57,45.5,121.5,171.0,0.491,0.28,0.137,6.158,0.626,0.185,0.172,0.677,1.253,0.773,mixed,field,mature,32,61,Marginal
596,Good,79,46.8,176.1,185.4,0.713,0.037,0.044,2.543,0.619,0.128,0.07,0.611,1.187,0.942,bright,white,young,6,80,Suitable
1145,Poor,38,32.4,71.5,166.5,0.153,0.507,0.163,11.407,0.48,0.067,0.499,0.437,1.352,0.59,mixed,field,young,82,16,Unsuitable
683,Moderate,47,39.1,139.8,113.4,0.592,0.219,0.11,6.745,0.629,0.109,0.241,0.736,1.4,0.874,bright,white,mature,31,70,Marginal
10,Excellent,95,68.1,140.8,141.6,0.758,0.017,0.012,1.518,0.764,0.23,0.032,0.903,0.823,0.949,bright,mixed,mature,0,85,Suitable
969,Poor,42,40.3,79.5,96.5,0.266,0.529,0.155,12.212,0.256,0.102,0.223,0.365,1.743,0.738,mixed,mixed,young,58,50,Unsuitable
43,Excellent,97,64.6,132.4,174.5,0.865,0.01,0.013,1.222,0.808,0.184,0.024,0.745,0.943,0.958,mixed,white,mature,7,92,Suitable
1120,Poor,38,41.2,57.3,130.7,0.132,0.436,0.382,9.623,0.426,0.117,0.49,0.539,1.524,0.668,dim,mixed,old,83,45,Unsuitable
222,Excellent,96,53.2,171.0,143.5,0.885,0.024,0.01,0.708,0.829,0.238,0.045,0.849,0.891,0.968,bright,mixed,mature,5,87,Suitable
1190,Poor,28,28.6,42.0,70.7,0.32,0.268,0.323,10.534,0.342,0.096,0.308,0.545,0.811,0.621,bright,mixed,young,46,26,Unsuitable
462,Good,87,51.6,115.9,117.2,0.732,0.095,0.05,2.307,0.684,0.142,0.083,0.814,1.277,0.85,bright,mixed,young,17,70,Suitable
939,Poor,29,37.0,85.3,186.5,0.349,0.298,0.304,11.297,0.337,0.132,0.305,0.508,0.599,0.601,mixed,field,old,56,47,Unsuitable
274,Excellent,92,52.4,172.6,128.5,0.675,0.009,0.019,0.718,0.939,0.196,0.07,0.878,1.291,0.926,bright,white,mature,6,84,Suitable
464,Good,88,56.1,133.3,186.9,0.745,0.143,0.016,3.538,0.657,0.278,0.076,0.699,1.065,0.827,dim,mixed,mature,16,77,Suitable
1104,Poor,12,21.8,67.1,114.3,0.222,0.317,0.411,11.756,0.425,0.079,0.519,0.483,1.493,0.545,mixed,white,old,62,41,Unsuitable
574,Good,82,45.8,148.7,144.5,0.702,0.109,0.015,3.657,0.617,0.136,0.101,0.675,1.092,0.822,dim,mixed,mature,6,67,Suitable
650,Moderate,69,52.6,130.2,121.1,0.453,0.19,0.097,3.803,0.545,0.104,0.198,0.565,0.798,0.812,bright,white,mature,21,50,Marginal
316,Good,75,62.6,123.4,107.7,0.588,0.117,0.058,1.833,0.655,0.107,0.055,0.832,1.429,0.915,bright,white,young,17,73,Suitable
503,Good,73,60.1,116.2,177.1,0.746,0.135,0.029,3.62,0.693,0.119,0.096,0.833,1.031,0.874,mixed,white,mature,9,85,Suitable
732,Moderate,68,32.3,77.8,158.1,0.585,0.163,0.143,2.961,0.5,0.085,0.223,0.551,0.971,0.706,dim,mixed,mature,43,50,Marginal
234,Excellent,98,63.6,130.4,126.9,0.893,0.049,0.001,0.788,0.895,0.276,0.06,0.913,0.878,0.946,mixed,mixed,mature,3,80,Suitable
1144,Poor,19,43.8,97.6,169.8,0.316,0.444,0.216,6.054,0.429,0.114,0.378,0.379,0.529,0.547,bright,white,old,68,20,Unsuitable
773,Moderate,57,39.8,90.1,194.0,0.379,0.11,0.041,5.556,0.516,0.096,0.276,0.697,0.793,0.738,mixed,white,mature,35,63,Marginal
439,Good,74,59.0,102.0,110.5,0.526,0.124,0.015,1.357,0.734,0.253,0.092,0.671,1.445,0.839,bright,dark,young,10,65,Suitable
199,Excellent,89,68.6,143.3,137.2,0.741,0.043,0.005,1.538,0.898,0.243,0.078,0.873,1.298,0.904,mixed,white,mature,1,88,Suitable
621,Moderate,63,43.0,127.3,181.8,0.43,0.172,0.175,2.95,0.56,0.147,0.173,0.754,0.759,0.832,bright,mixed,mature,41,64,Marginal
640,Moderate,56,60.4,105.6,173.7,0.59,0.107,0.04,5.061,0.671,0.142,0.253,0.687,1.323,0.746,dim,white,old,24,57,Marginal
447,Good,79,59.7,143.4,165.6,0.618,0.109,0.037,2.995,0.726,0.226,0.143,0.834,0.837,0.867,dim,dark,mature,7,71,Suitable
432,Good,74,62.7,115.9,90.7,0.733,0.111,0.027,3.532,0.785,0.176,0.065,0.629,1.011,0.831,mixed,field,young,16,85,Suitable
370,Good,85,75.8,135.6,109.9,0.663,0.149,0.039,2.259,0.809,0.165,0.118,0.753,0.877,0.827,bright,mixed,mature,14,78,Suitable
271,Excellent,90,61.7,140.3,144.4,0.657,0.033,0.009,1.085,0.928,0.159,0.045,0.82,1.237,0.939,bright,dark,mature,4,91,Suitable
866,Moderate,55,78.9,148.9,182.6,0.425,0.113,0.045,6.441,0.666,0.113,0.235,0.704,1.004,0.702,bright,white,young,38,58,Marginal
848,Moderate,47,72.4,108.7,180.1,0.379,0.134,0.064,3.49,0.541,0.197,0.204,0.692,1.325,0.798,bright,field,young,39,58,Marginal
461,Good,76,58.8,165.6,147.0,0.534,0.13,0.025,2.059,0.807,0.245,0.142,0.772,1.23,0.923,bright,dark,mature,15,83,Suitable
594,Good,74,53.5,122.8,176.0,0.696,0.043,0.021,2.179,0.767,0.223,0.116,0.765,0.753,0.838,dim,white,mature,7,84,Suitable
287,Excellent,89,58.5,199.3,144.0,0.739,0.032,0.017,1.405,0.812,0.312,0.047,0.815,0.815,0.906,mixed,dark,mature,2,78,Suitable
1134,Poor,38,29.3,80.7,76.1,0.134,0.286,0.427,11.278,0.509,0.071,0.41,0.502,0.997,0.635,mixed,dark,old,64,36,Unsuitable
1068,Poor,34,42.8,83.5,104.3,0.205,0.283,0.431,6.197,0.269,0.061,0.449,0.451,0.943,0.52,bright,field,old,70,47,Unsuitable
1101,Poor,33,27.0,43.9,105.1,0.267,0.257,0.272,10.346,0.423,0.072,0.263,0.615,1.334,0.501,dim,dark,old,47,42,Unsuitable
452,Good,72,75.4,101.4,138.5,0.639,0.121,0.024,1.515,0.643,0.274,0.138,0.66,1.002,0.943,bright,dark,young,8,78,Suitable
190,Excellent,95,65.2,131.0,137.8,0.657,0.033,0.004,1.96,0.784,0.15,0.032,0.708,1.261,0.934,mixed,mixed,mature,1,89,Suitable
1092,Poor,17,41.8,111.4,79.9,0.257,0.306,0.387,8.895,0.266,0.059,0.368,0.616,1.295,0.598,bright,mixed,young,55,44,Unsuitable
307,Good,88,62.0,157.2,116.7,0.525,0.093,0.015,1.875,0.691,0.135,0.112,0.712,1.215,0.934,bright,field,young,15,76,Suitable
515,Good,84,64.2,145.1,122.5,0.517,0.071,0.016,1.084,0.603,0.133,0.079,0.62,0.964,0.92,dim,white,mature,6,82,Suitable
231,Excellent,100,67.3,139.7,170.6,0.838,0.005,0.016,1.208,0.924,0.197,0.074,0.887,0.948,0.97,mixed,mixed,mature,6,85,Suitable
368,Good,80,59.4,110.2,161.8,0.709,0.079,0.017,2.686,0.696,0.252,0.06,0.806,1.201,0.83,dim,field,mature,7,80,Suitable
1001,Poor,10,27.6,70.6,150.7,0.192,0.327,0.237,13.629,0.394,0.052,0.235,0.537,1.205,0.653,mixed,dark,young,75,40,Unsuitable
279,Excellent,97,69.6,178.5,170.2,0.84,0.022,0.006,1.04,0.925,0.34,0.08,0.842,1.276,0.946,mixed,white,mature,5,91,Suitable
1096,Poor,24,16.7,66.4,137.4,0.267,0.289,0.393,11.526,0.472,0.067,0.44,0.632,0.598,0.647,dim,mixed,old,85,25,Unsuitable
1171,Poor,35,17.6,90.0,151.1,0.308,0.378,0.264,11.911,0.272,0.056,0.36,0.584,1.263,0.714,bright,dark,old,87,18,Unsuitable
106,Excellent,91,70.4,140.2,155.2,0.824,0.02,0.002,1.8,0.949,0.329,0.021,0.81,0.934,0.93,bright,field,mature,5,91,Suitable
45,Excellent,100,65.1,162.8,101.5,0.669,0.038,0.02,1.35,0.853,0.199,0.069,0.892,0.874,0.972,bright,field,mature,2,85,Suitable
709,Moderate,53,67.2,113.5,170.2,0.583,0.203,0.149,6.302,0.652,0.102,0.261,0.709,1.578,0.833,mixed,dark,old,19,67,Marginal
554,Good,76,64.9,143.8,149.4,0.543,0.036,0.02,3.528,0.77,0.101,0.094,0.635,1.128,0.854,dim,white,young,12,84,Suitable
588,Good,77,50.4,156.0,146.5,0.586,0.089,0.06,3.25,0.708,0.124,0.098,0.679,0.965,0.904,mixed,mixed,young,14,66,Suitable
843,Moderate,50,32.9,105.9,114.9,0.429,0.234,0.155,4.157,0.596,0.083,0.276,0.504,0.921,0.873,mixed,field,old,23,52,Marginal
1154,Poor,7,18.1,32.2,122.6,0.09,0.41,0.398,12.561,0.475,0.06,0.536,0.385,0.817,0.54,bright,field,young,47,39,Unsuitable
746,Moderate,65,34.3,146.1,175.1,0.465,0.169,0.093,6.041,0.584,0.136,0.258,0.566,0.795,0.838,bright,white,old,37,65,Marginal
1082,Poor,26,30.9,69.6,217.2,0.348,0.27,0.303,13.249,0.378,0.042,0.495,0.579,1.489,0.539,dim,mixed,young,84,50,Unsuitable
698,Moderate,69,78.7,146.0,170.7,0.394,0.177,0.146,3.952,0.677,0.119,0.19,0.519,0.651,0.74,bright,dark,old,24,52,Marginal
891,Moderate,54,67.1,89.3,173.1,0.55,0.189,0.167,5.704,0.534,0.127,0.222,0.604,0.725,0.875,dim,dark,young,29,48,Marginal
413,Good,88,47.5,109.9,157.3,0.503,0.123,0.042,1.746,0.643,0.158,0.145,0.654,1.416,0.949,bright,white,young,5,66,Suitable
72,Excellent,98,53.1,190.6,119.8,0.731,0.029,0.006,0.839,0.873,0.204,0.061,0.9,1.083,0.925,mixed,white,mature,7,82,Suitable
159,Excellent,89,54.8,156.4,160.1,0.676,0.031,0.002,0.604,0.866,0.348,0.063,0.8,1.228,0.983,mixed,field,mature,2,79,Suitable
186,Excellent,100,58.9,134.1,159.3,0.873,0.023,0.01,1.484,0.932,0.227,0.064,0.911,1.299,0.985,mixed,mixed,mature,6,86,Suitable
1008,Poor,13,24.0,106.5,148.3,0.268,0.342,0.34,12.264,0.375,0.121,0.262,0.34,1.526,0.621,bright,field,old,54,27,Unsuitable
393,Good,87,49.4,105.2,188.6,0.744,0.098,0.02,1.892,0.625,0.226,0.102,0.824,1.196,0.88,dim,field,mature,21,85,Suitable
1080,Poor,14,24.6,105.9,78.1,0.311,0.493,0.155,10.755,0.475,0.093,0.39,0.313,1.231,0.562,dim,white,old,45,27,Unsuitable
193,Excellent,97,54.7,147.1,174.8,0.847,0.048,0.017,1.518,0.875,0.285,0.07,0.869,0.947,0.91,mixed,field,mature,6,88,Suitable
765,Moderate,58,55.1,81.5,141.0,0.534,0.208,0.052,4.408,0.519,0.087,0.241,0.632,0.937,0.781,bright,field,mature,28,59,Marginal
897,Moderate,44,30.4,124.0,124.3,0.513,0.254,0.126,4.632,0.521,0.195,0.122,0.64,1.193,0.813,bright,dark,old,44,55,Marginal
727,Moderate,57,61.9,130.4,189.9,0.451,0.227,0.178,5.95,0.575,0.079,0.132,0.755,1.565,0.758,dim,mixed,mature,34,63,Marginal
1078,Poor,37,24.2,75.4,140.7,0.252,0.302,0.396,5.558,0.314,0.094,0.356,0.588,1.545,0.617,mixed,dark,young,81,37,Unsuitable
921,Poor,27,40.5,34.1,170.6,0.187,0.41,0.354,12.544,0.481,0.082,0.549,0.49,0.591,0.663,dim,mixed,young,60,45,Unsuitable
197,Excellent,92,69.7,175.6,141.0,0.717,0.019,0.016,0.748,0.895,0.264,0.039,0.828,1.268,0.981,bright,field,mature,7,81,Suitable
1112,Poor,12,22.5,79.8,205.4,0.072,0.494,0.313,11.972,0.317,0.112,0.38,0.463,1.799,0.507,mixed,white,old,55,42,Unsuitable
14,Excellent,100,54.1,151.9,147.0,0.666,0.047,0.003,0.884,0.753,0.323,0.074,0.757,1.283,0.905,mixed,white,mature,3,78,Suitable
1182,Poor,24,24.6,115.9,152.8,0.112,0.465,0.184,6.117,0.43,0.103,0.459,0.54,1.705,0.679,bright,mixed,young,59,43,Unsuitable
1118,Poor,29,30.7,103.7,124.3,0.232,0.44,0.25,13.199,0.496,0.113,0.504,0.628,1.428,0.703,mixed,white,young,66,42,Unsuitable
309,Good,70,52.7,173.6,157.9,0.576,0.082,0.044,2.909,0.685,0.144,0.135,0.861,1.438,0.83,dim,mixed,mature,13,85,Suitable
537,Good,81,52.1,117.9,114.8,0.58,0.088,0.018,2.907,0.677,0.133,0.129,0.634,1.138,0.881,bright,mixed,mature,12,67,Suitable
177,Excellent,89,68.8,142.3,140.0,0.86,0.045,0.019,1.839,0.912,0.215,0.051,0.857,0.813,0.948,bright,field,mature,2,89,Suitable
164,Excellent,87,58.6,140.4,165.1,0.792,0.002,0.007,0.683,0.896,0.181,0.035,0.844,0.89,0.926,bright,dark,mature,0,86,Suitable
299,Excellent,87,69.3,181.9,167.6,0.843,0.049,0.015,1.633,0.839,0.274,0.033,0.728,0.954,0.961,bright,mixed,mature,5,79,Suitable
1140,Poor,38,27.6,100.3,146.8,0.13,0.381,0.235,12.38,0.391,0.09,0.396,0.311,1.247,0.557,mixed,white,old,89,47,Unsuitable
1164,Poor,31,24.4,80.5,197.2,0.119,0.302,0.457,11.483,0.516,0.095,0.443,0.517,0.657,0.643,bright,mixed,old,79,42,Unsuitable
789,Moderate,52,76.3,144.0,172.3,0.517,0.193,0.072,4.592,0.522,0.099,0.115,0.528,1.232,0.81,dim,mixed,mature,28,55,Marginal
289,Excellent,87,65.4,179.9,155.9,0.814,0.019,0.008,1.724,0.937,0.194,0.046,0.883,0.8,0.982,mixed,field,mature,0,88,Suitable
643,Moderate,47,74.4,121.2,85.7,0.301,0.101,0.054,3.216,0.669,0.195,0.124,0.554,1.44,0.779,mixed,field,mature,32,61,Marginal
652,Moderate,60,73.5,142.9,162.5,0.494,0.146,0.053,6.658,0.602,0.119,0.103,0.756,0.768,0.845,dim,mixed,mature,43,48,Marginal
1083,Poor,17,26.2,101.8,123.0,0.241,0.34,0.369,9.346,0.351,0.083,0.275,0.479,1.736,0.642,bright,field,old,87,30,Unsuitable
33,Excellent,100,68.3,176.0,104.9,0.817,0.002,0.016,1.911,0.786,0.204,0.052,0.778,1.029,0.917,bright,field,mature,0,90,Suitable
779,Moderate,57,41.2,135.7,145.5,0.346,0.233,0.043,3.261,0.5,0.12,0.249,0.76,1.481,0.845,mixed,dark,mature,43,57,Marginal
584,Good,84,45.3,112.8,136.4,0.537,0.102,0.052,3.16,0.765,0.144,0.071,0.653,1.239,0.896,bright,white,mature,13,69,Suitable
138,Excellent,98,67.6,141.2,166.8,0.783,0.024,0.013,1.679,0.757,0.203,0.071,0.755,1.269,0.906,bright,dark,mature,1,86,Suitable
540,Good,80,55.8,116.3,132.8,0.708,0.116,0.041,2.235,0.782,0.194,0.093,0.633,1.389,0.948,mixed,dark,mature,19,77,Suitable
876,Moderate,61,33.7,107.8,104.2,0.434,0.276,0.117,4.993,0.525,0.114,0.165,0.774,1.166,0.702,bright,mixed,mature,36,62,Marginal
770,Moderate,66,59.2,138.3,166.1,0.34,0.276,0.141,3.642,0.493,0.167,0.143,0.647,0.818,0.848,dim,white,old,37,46,Marginal
126,Excellent,90,61.9,176.6,117.4,0.697,0.014,0.013,0.85,0.941,0.228,0.07,0.703,1.208,0.927,bright,white,mature,6,79,Suitable
535,Good,86,49.0,106.4,107.5,0.726,0.136,0.024,3.999,0.71,0.245,0.059,0.814,1.356,0.854,mixed,mixed,young,11,70,Suitable
290,Excellent,97,67.6,194.9,109.3,0.893,0.025,0.015,1.079,0.903,0.176,0.047,0.7,0.968,0.961,mixed,dark,mature,5,86,Suitable
651,Moderate,54,64.5,81.5,165.3,0.317,0.153,0.079,5.412,0.594,0.101,0.122,0.77,0.854,0.857,dim,field,young,21,52,Marginal
295,Excellent,91,71.4,166.3,118.5,0.74,0.004,0.017,1.92,0.762,0.21,0.032,0.742,1.29,0.941,mixed,mixed,mature,0,84,Suitable
8,Excellent,100,63.7,183.9,176.0,0.773,0.036,0.003,0.834,0.868,0.342,0.073,0.811,0.842,0.96,mixed,mixed,mature,2,90,Suitable
211,Excellent,96,55.4,177.7,128.3,0.829,0.007,0.01,1.276,0.923,0.322,0.024,0.728,0.986,0.905,bright,field,mature,2,91,Suitable
1089,Poor,38,38.6,54.1,174.2,0.159,0.406,0.384,5.42,0.352,0.112,0.232,0.533,1.247,0.504,bright,field,young,68,46,Unsuitable
131,Excellent,100,64.8,130.7,120.3,0.679,0.039,0.006,1.772,0.936,0.156,0.069,0.735,1.195,0.954,mixed,field,mature,5,78,Suitable
210,Excellent,91,54.5,179.7,128.5,0.821,0.031,0.001,1.643,0.776,0.347,0.05,0.899,1.09,0.934,mixed,dark,mature,6,91,Suitable
1138,Poor,26,31.3,102.3,129.1,0.162,0.377,0.411,11.738,0.256,0.041,0.507,0.395,1.169,0.757,dim,mixed,old,64,32,Unsuitable
267,Excellent,90,69.1,164.8,143.5,0.873,0.01,0.009,1.998,0.915,0.267,0.029,0.858,1.124,0.969,mixed,mixed,mature,7,81,Suitable
1,Excellent,88,58.4,196.6,151.8,0.888,0.044,0.018,1.432,0.834,0.265,0.071,0.871,1.045,0.97,bright,white,mature,7,81,Suitable
631,Moderate,59,34.9,125.5,96.0,0.385,0.282,0.152,3.981,0.561,0.125,0.192,0.676,1.204,0.795,dim,dark,old,28,68,Marginal
1013,Poor,32,17.4,116.4,157.6,0.152,0.328,0.214,11.484,0.414,0.119,0.445,0.457,0.992,0.658,dim,white,old,73,20,Unsuitable
1139,Poor,38,18.4,59.7,201.0,0.123,0.367,0.298,6.078,0.436,0.04,0.411,0.492,0.57,0.744,mixed,field,old,40,24,Unsuitable
1027,Poor,30,25.5,94.4,159.9,0.198,0.352,0.399,6.203,0.365,0.103,0.336,0.501,1.486,0.682,dim,white,young,40,46,Unsuitable
343,Good,81,54.8,102.3,106.7,0.545,0.136,0.033,2.557,0.614,0.167,0.15,0.805,1.068,0.886,mixed,dark,mature,20,74,Suitable
1142,Poor,40,17.3,82.1,112.8,0.174,0.287,0.236,11.363,0.451,0.107,0.44,0.446,1.399,0.726,dim,white,old,62,25,Unsuitable
472,Good,81,77.8,176.1,96.8,0.546,0.084,0.053,2.368,0.773,0.176,0.142,0.758,1.122,0.873,mixed,dark,young,17,80,Suitable
543,Good,81,60.9,114.5,104.6,0.527,0.137,0.024,1.317,0.673,0.261,0.092,0.685,0.774,0.825,mixed,mixed,young,8,79,Suitable
1040,Poor,30,20.1,97.6,94.5,0.257,0.373,0.321,12.779,0.477,0.14,0.424,0.452,1.4,0.578,mixed,field,young,40,27,Unsuitable
657,Moderate,67,53.4,108.9,186.4,0.558,0.114,0.13,4.827,0.561,0.179,0.26,0.644,1.236,0.777,mixed,field,young,31,70,Marginal
339,Good,72,51.3,151.3,119.4,0.678,0.114,0.027,1.531,0.727,0.189,0.149,0.714,1.078,0.904,bright,white,young,7,74,Suitable
348,Good,88,53.0,103.8,151.8,0.541,0.143,0.054,3.336,0.723,0.274,0.133,0.756,0.797,0.934,bright,field,mature,20,85,Suitable
814,Moderate,57,48.8,89.1,104.6,0.464,0.129,0.054,3.307,0.488,0.082,0.114,0.774,1.366,0.744,dim,mixed,young,41,50,Marginal
539,Good,76,59.7,115.6,125.6,0.665,0.121,0.032,3.691,0.66,0.102,0.058,0.792,1.197,0.84,dim,dark,mature,7,83,Suitable
1023,Poor,36,25.5,104.1,65.4,0.171,0.37,0.409,5.628,0.355,0.124,0.534,0.353,0.96,0.714,mixed,mixed,young,78,20,Unsuitable
869,Moderate,51,34.9,73.8,183.1,0.47,0.243,0.17,5.103,0.67,0.108,0.183,0.53,0.986,0.848,bright,mixed,old,36,52,Marginal
563,Good,71,68.9,127.5,117.1,0.583,0.075,0.018,2.858,0.725,0.151,0.108,0.623,1.323,0.874,mixed,white,mature,14,77,Suitable
967,Poor,38,34.4,109.9,74.2,0.282,0.446,0.236,11.194,0.519,0.09,0.224,0.549,1.58,0.604,dim,dark,old,44,42,Unsuitable
269,Excellent,92,64.4,165.9,170.9,0.651,0.02,0.02,1.947,0.913,0.255,0.056,0.749,1.231,0.92,mixed,dark,mature,0,89,Suitable
567,Good,84,49.8,152.1,154.2,0.554,0.096,0.028,1.921,0.769,0.18,0.087,0.832,0.888,0.92,mixed,dark,mature,8,75,Suitable
109,Excellent,92,69.9,148.3,124.3,0.78,0.003,0.009,1.281,0.936,0.231,0.037,0.881,0.869,0.906,bright,field,mature,1,85,Suitable
862,Moderate,58,72.3,104.5,120.3,0.473,0.159,0.168,3.845,0.577,0.192,0.276,0.692,1.36,0.701,bright,field,young,23,48,Marginal
454,Good,78,75.3,177.1,110.8,0.628,0.132,0.014,3.63,0.794,0.269,0.13,0.671,0.842,0.918,bright,mixed,mature,9,66,Suitable
542,Good,74,64.3,153.4,189.8,0.538,0.088,0.054,2.349,0.607,0.205,0.087,0.683,1.208,0.858,dim,field,mature,19,84,Suitable
768,Moderate,44,37.9,96.8,199.4,0.349,0.24,0.058,3.689,0.605,0.114,0.231,0.533,0.655,0.721,dim,mixed,mature,40,62,Marginal
748,Moderate,56,55.1,95.1,194.1,0.504,0.108,0.166,6.457,0.575,0.135,0.263,0.637,1.303,0.844,dim,dark,mature,36,50,Marginal
575,Good,68,59.0,134.6,157.2,0.519,0.059,0.03,1.462,0.799,0.271,0.112,0.628,1.255,0.821,dim,white,mature,18,77,Suitable
694,Moderate,49,66.6,98.6,96.6,0.586,0.149,0.065,2.951,0.611,0.121,0.18,0.507,1.022,0.723,mixed,field,mature,41,46,Marginal
429,Good,89,70.2,112.6,100.2,0.597,0.094,0.05,2.397,0.777,0.107,0.117,0.761,1.216,0.824,bright,mixed,mature,19,80,Suitable
187,Excellent,96,67.6,188.9,137.7,0.75,0.045,0.002,1.819,0.782,0.25,0.046,0.844,1.206,0.952,mixed,dark,mature,1,88,Suitable
315,Good,68,46.0,103.8,106.4,0.584,0.073,0.034,1.87,0.783,0.271,0.1,0.669,1.049,0.865,dim,white,mature,18,74,Suitable
66,Excellent,96,70.2,133.3,105.4,0.839,0.005,0.004,0.804,0.858,0.156,0.039,0.706,1.22,0.908,mixed,dark,mature,7,86,Suitable
726,Moderate,69,31.9,120.5,105.1,0.553,0.155,0.175,6.318,0.465,0.169,0.161,0.778,1.035,0.809,mixed,field,old,25,52,Marginal
1161,Poor,26,40.3,34.8,80.4,0.197,0.429,0.324,9.743,0.482,0.118,0.532,0.627,0.834,0.692,mixed,mixed,old,56,27,Unsuitable
803,Moderate,50,75.9,85.5,144.8,0.43,0.276,0.069,3.373,0.586,0.128,0.247,0.722,1.352,0.728,mixed,dark,mature,39,54,Marginal
161,Excellent,96,69.9,168.6,125.9,0.839,0.021,0.013,0.699,0.877,0.261,0.026,0.848,0.892,0.947,mixed,dark,mature,6,89,Suitable
76,Excellent,96,54.0,193.6,114.3,0.798,0.046,0.002,1.997,0.834,0.158,0.062,0.872,1.188,0.978,bright,dark,mature,7,85,Suitable
1043,Poor,15,31.9,74.5,93.8,0.111,0.524,0.33,6.947,0.347,0.044,0.55,0.444,0.652,0.591,dim,field,young,88,19,Unsuitable
1093,Poor,36,23.5,52.1,174.1,0.124,0.313,0.176,13.04,0.276,0.091,0.355,0.336,0.509,0.51,mixed,white,old,44,27,Unsuitable
900,Moderate,55,74.3,71.9,110.7,0.556,0.109,0.068,5.335,0.574,0.14,0.277,0.745,1.282,0.858,bright,mixed,young,40,59,Marginal
893,Moderate,54,38.7,134.8,152.4,0.467,0.295,0.07,4.777,0.611,0.193,0.243,0.54,1.367,0.743,bright,dark,mature,35,62,Marginal
960,Poor,29,43.7,71.8,110.3,0.173,0.478,0.299,9.571,0.259,0.04,0.448,0.354,0.807,0.547,bright,mixed,young,67,39,Unsuitable
810,Moderate,62,77.1,135.3,125.8,0.597,0.147,0.111,3.987,0.632,0.124,0.215,0.505,0.951,0.704,dim,mixed,young,34,53,Marginal
1052,Poor,24,37.5,30.5,74.1,0.276,0.475,0.198,6.772,0.284,0.052,0.264,0.587,1.291,0.586,dim,dark,old,72,29,Unsuitable
204,Excellent,95,65.7,155.8,123.1,0.744,0.022,0.01,1.984,0.908,0.154,0.02,0.767,1.223,0.982,mixed,white,mature,4,88,Suitable
1131,Poor,37,36.0,106.1,198.7,0.185,0.406,0.158,10.456,0.453,0.117,0.244,0.512,1.731,0.639,mixed,mixed,young,57,40,Unsuitable
600,Good,84,47.3,178.0,95.9,0.608,0.135,0.055,3.027,0.729,0.194,0.08,0.788,0.798,0.865,mixed,dark,young,16,78,Suitable
1174,Poor,23,44.1,36.5,193.1,0.197,0.365,0.247,9.688,0.427,0.099,0.23,0.36,1.344,0.565,bright,mixed,young,57,47,Unsuitable
335,Good,74,52.9,114.5,102.0,0.518,0.136,0.051,1.654,0.603,0.167,0.089,0.689,0.981,0.861,bright,dark,mature,6,66,Suitable
1061,Poor,16,22.6,75.5,97.1,0.114,0.377,0.255,8.421,0.287,0.112,0.313,0.317,0.99,0.576,mixed,white,young,76,50,Unsuitable
881,Moderate,63,32.2,89.2,183.6,0.356,0.205,0.153,6.712,0.564,0.103,0.109,0.554,1.015,0.803,dim,field,mature,43,55,Marginal
990,Poor,34,32.5,57.6,142.9,0.158,0.35,0.442,10.785,0.494,0.075,0.456,0.372,0.752,0.739,mixed,white,old,51,32,Unsuitable
1041,Poor,28,22.7,100.5,203.2,0.228,0.477,0.245,6.842,0.333,0.117,0.406,0.407,1.139,0.648,mixed,dark,old,68,34,Unsuitable
378,Good,72,53.2,169.6,166.1,0.543,0.105,0.056,3.579,0.772,0.224,0.131,0.8,1.198,0.935,mixed,mixed,mature,11,85,Suitable
249,Excellent,89,69.1,144.9,122.4,0.797,0.029,0.015,1.242,0.859,0.339,0.07,0.715,1.163,0.914,mixed,mixed,mature,1,78,Suitable
963,Poor,41,26.0,111.6,76.6,0.079,0.557,0.289,7.915,0.344,0.105,0.28,0.482,1.767,0.661,bright,mixed,old,80,38,Unsuitable
1143,Poor,14,22.1,30.7,112.3,0.248,0.312,0.39,10.57,0.256,0.087,0.445,0.494,0.701,0.619,dim,white,young,42,18,Unsuitable
191,Excellent,93,59.0,188.3,169.0,0.699,0.032,0.008,1.823,0.898,0.217,0.055,0.796,0.818,0.948,bright,dark,mature,6,80,Suitable
880,Moderate,66,43.2,126.3,143.5,0.313,0.138,0.098,5.962,0.549,0.151,0.193,0.623,1.571,0.709,dim,mixed,mature,30,59,Marginal
1193,Poor,28,24.2,36.8,95.7,0.286,0.31,0.354,8.905,0.397,0.046,0.437,0.483,1.368,0.504,dim,mixed,old,71,36,Unsuitable
1062,Poor,41,18.3,106.3,79.3,0.108,0.331,0.425,5.877,0.51,0.093,0.225,0.54,0.787,0.639,mixed,dark,young,52,25,Unsuitable
840,Moderate,66,47.4,84.2,138.6,0.384,0.111,0.109,3.845,0.474,0.099,0.138,0.579,0.74,0.859,bright,dark,mature,23,62,Marginal
915,Poor,32,42.8,63.1,136.7,0.139,0.424,0.388,8.658,0.359,0.139,0.278,0.319,1.592,0.674,mixed,field,young,61,36,Unsuitable
252,Excellent,98,65.8,150.2,150.0,0.861,0.015,0.007,1.772,0.814,0.227,0.024,0.818,1.065,0.973,mixed,field,mature,1,86,Suitable
922,Poor,14,36.4,104.9,174.5,0.132,0.431,0.387,13.654,0.392,0.072,0.373,0.551,0.637,0.68,mixed,dark,young,45,26,Unsuitable
376,Good,75,68.1,176.2,99.3,0.518,0.096,0.031,3.13,0.698,0.253,0.128,0.655,1.013,0.84,dim,dark,young,9,69,Suitable
369,Good,79,46.5,178.0,124.6,0.551,0.138,0.013,2.421,0.658,0.26,0.064,0.699,0.966,0.907,dim,field,mature,14,71,Suitable
11,Excellent,96,62.6,185.0,141.3,0.889,0.008,0.017,1.085,0.835,0.233,0.025,0.767,0.972,0.924,mixed,dark,mature,7,90,Suitable
1188,Poor,24,26.9,96.8,201.8,0.182,0.46,0.309,6.168,0.472,0.101,0.294,0.639,1.628,0.693,bright,white,young,57,40,Unsuitable
854,Moderate,58,46.4,84.5,82.2,0.548,0.2,0.062,5.498,0.496,0.142,0.253,0.746,1.142,0.838,mixed,dark,old,21,66,Marginal
667,Moderate,63,59.0,108.5,146.8,0.322,0.285,0.051,5.489,0.659,0.196,0.27,0.564,1.107,0.829,dim,white,young,29,57,Marginal
828,Moderate,58,71.8,108.1,188.7,0.473,0.257,0.144,6.254,0.554,0.077,0.277,0.552,1.395,0.707,dim,field,old,45,62,Marginal
179,Excellent,92,67.4,149.5,162.7,0.735,0.042,0.004,1.557,0.936,0.191,0.064,0.735,1.272,0.984,mixed,dark,mature,7,85,Suitable
58,Excellent,100,54.5,153.6,151.8,0.803,0.03,0.014,1.964,0.924,0.349,0.065,0.8,0.962,0.934,mixed,mixed,mature,0,90,Suitable
1038,Poor,22,15.9,110.2,176.7,0.073,0.414,0.176,8.318,0.383,0.084,0.386,0.503,1.334,0.579,dim,field,young,40,24,Unsuitable
904,Poor,11,44.3,34.2,139.5,0.237,0.468,0.245,5.624,0.367,0.121,0.535,0.608,1.228,0.726,bright,white,old,41,50,Unsuitable
1054,Poor,26,40.0,50.2,136.6,0.12,0.354,0.476,11.852,0.333,0.114,0.391,0.3,0.8,0.546,dim,dark,young,49,34,Unsuitable
366,Good,75,70.3,103.4,90.0,0.58,0.066,0.021,3.412,0.65,0.132,0.088,0.748,1.322,0.916,mixed,field,young,17,68,Suitable
890,Moderate,63,69.7,89.7,146.4,0.552,0.296,0.088,3.896,0.602,0.127,0.217,0.758,1.107,0.712,bright,white,mature,35,51,Marginal
1102,Poor,18,17.4,110.3,110.3,0.167,0.417,0.365,8.086,0.5,0.111,0.255,0.54,0.878,0.549,dim,dark,old,64,23,Unsuitable
333,Good,71,52.8,152.0,150.9,0.646,0.148,0.055,3.604,0.665,0.181,0.106,0.784,0.92,0.868,dim,mixed,mature,9,71,Suitable
501,Good,81,70.9,139.8,161.0,0.545,0.101,0.027,1.694,0.702,0.251,0.051,0.703,0.882,0.918,mixed,dark,mature,19,69,Suitable
1088,Poor,13,42.1,58.5,69.3,0.234,0.352,0.364,7.809,0.283,0.122,0.511,0.317,0.796,0.546,mixed,white,old,42,50,Unsuitable
1170,Poor,32,30.0,76.8,117.2,0.171,0.479,0.299,6.894,0.505,0.131,0.263,0.306,0.874,0.523,bright,field,old,76,29,Unsuitable
820,Moderate,48,77.3,116.1,114.3,0.495,0.248,0.125,2.865,0.607,0.106,0.113,0.584,1.259,0.814,bright,white,young,23,69,Marginal
911,Poor,39,37.0,101.7,113.7,0.126,0.291,0.398,8.388,0.436,0.118,0.544,0.405,1.014,0.601,mixed,mixed,old,87,43,Unsuitable
365,Good,82,53.2,116.5,186.9,0.619,0.055,0.054,3.378,0.791,0.267,0.147,0.81,0.764,0.833,bright,field,young,21,78,Suitable
916,Poor,13,28.9,66.7,71.2,0.095,0.495,0.222,9.287,0.255,0.138,0.495,0.349,0.87,0.627,bright,dark,young,88,31,Unsuitable
60,Excellent,88,55.5,179.6,174.8,0.89,0.027,0.002,1.419,0.853,0.273,0.037,0.724,1.009,0.91,bright,white,mature,1,92,Suitable
680,Moderate,61,33.3,149.1,184.7,0.479,0.177,0.052,4.786,0.603,0.171,0.205,0.592,1.242,0.771,bright,mixed,young,34,46,Marginal
519,Good,71,49.1,145.5,137.3,0.59,0.115,0.016,2.063,0.64,0.145,0.107,0.682,1.188,0.923,mixed,field,mature,22,84,Suitable
296,Excellent,85,58.6,172.8,139.5,0.724,0.01,0.017,1.67,0.756,0.233,0.066,0.717,1.192,0.979,mixed,white,mature,1,87,Suitable
1084,Poor,41,28.6,116.8,109.8,0.065,0.485,0.331,7.446,0.288,0.059,0.455,0.352,1.53,0.516,dim,dark,young,57,48,Unsuitable
268,Excellent,90,52.9,174.0,104.2,0.819,0.01,0.001,0.915,0.87,0.348,0.063,0.898,1.065,0.913,mixed,dark,mature,5,85,Suitable
20,Excellent,91,64.6,140.8,171.5,0.888,0.041,0.017,1.554,0.909,0.278,0.025,0.782,1.166,0.912,bright,field,mature,1,92,Suitable
914,Poor,43,28.1,98.9,106.5,0.139,0.452,0.161,8.849,0.351,0.133,0.262,0.322,0.636,0.651,bright,field,young,47,36,Unsuitable
470,Good,81,59.3,116.7,116.9,0.749,0.122,0.03,2.976,0.801,0.101,0.137,0.644,1.263,0.845,bright,mixed,young,8,79,Suitable
507,Good,73,70.0,168.1,154.1,0.637,0.058,0.016,1.567,0.769,0.171,0.11,0.608,1.217,0.895,bright,dark,mature,17,82,Suitable
71,Excellent,89,69.1,180.4,165.9,0.824,0.032,0.006,1.834,0.843,0.289,0.024,0.785,1.063,0.939,bright,white,mature,5,84,Suitable
550,Good,87,61.8,101.9,123.7,0.656,0.032,0.055,1.413,0.739,0.114,0.09,0.71,0.848,0.851,dim,dark,young,20,72,Suitable
96,Excellent,98,67.3,156.2,149.3,0.664,0.015,0.007,1.936,0.849,0.25,0.048,0.807,1.002,0.927,bright,mixed,mature,2,84,Suitable
950,Poor,43,24.5,62.8,212.6,0.179,0.324,0.448,5.817,0.42,0.063,0.384,0.509,0.672,0.641,bright,dark,young,43,16,Unsuitable
809,Moderate,50,58.8,92.4,137.8,0.577,0.199,0.102,5.215,0.564,0.174,0.126,0.769,1.4,0.722,mixed,dark,mature,29,51,Marginal
446,Good,88,60.1,170.3,93.4,0.69,0.092,0.03,1.825,0.601,0.11,0.095,0.814,0.83,0.95,bright,field,mature,5,72,Suitable
125,Excellent,93,66.1,143.2,123.1,0.681,0.019,0.02,1.365,0.942,0.226,0.031,0.848,0.924,0.939,mixed,dark,mature,4,89,Suitable
730,Moderate,46,67.6,116.2,136.1,0.531,0.295,0.081,6.856,0.524,0.075,0.256,0.537,1.27,0.773,dim,white,young,28,47,Marginal
360,Good,85,52.4,153.6,128.6,0.707,0.14,0.027,3.32,0.654,0.195,0.116,0.7,1.23,0.872,mixed,dark,mature,17,84,Suitable
837,Moderate,62,58.5,101.9,168.4,0.532,0.277,0.125,5.316,0.547,0.107,0.169,0.662,0.945,0.841,mixed,dark,mature,36,59,Marginal
645,Moderate,44,42.0,137.6,199.2,0.572,0.187,0.056,3.006,0.507,0.077,0.132,0.573,1.351,0.721,bright,dark,mature,20,59,Marginal
972,Poor,32,23.5,117.6,122.8,0.205,0.364,0.211,7.711,0.373,0.093,0.537,0.334,1.322,0.752,bright,white,old,82,29,Unsuitable
791,Moderate,65,63.0,124.8,131.8,0.385,0.246,0.081,5.515,0.646,0.104,0.189,0.664,0.933,0.818,dim,field,young,36,58,Marginal
1111,Poor,37,40.9,87.3,137.9,0.256,0.256,0.288,12.106,0.294,0.08,0.289,0.638,1.283,0.512,mixed,field,old,44,38,Unsuitable
1006,Poor,16,25.0,83.3,94.5,0.241,0.29,0.164,12.508,0.453,0.12,0.296,0.349,1.771,0.732,dim,white,young,78,22,Unsuitable
162,Excellent,87,70.6,193.7,161.3,0.701,0.012,0.02,1.344,0.8,0.309,0.044,0.788,1.17,0.964,bright,white,mature,8,91,Suitable
474,Good,79,45.7,116.5,115.0,0.62,0.135,0.035,3.139,0.747,0.237,0.124,0.815,0.769,0.88,dim,mixed,young,12,75,Suitable
547,Good,68,65.1,136.0,93.2,0.689,0.1,0.06,3.761,0.677,0.146,0.098,0.643,0.872,0.85,dim,dark,mature,20,80,Suitable
1036,Poor,33,34.0,51.7,193.8,0.193,0.437,0.32,9.445,0.475,0.129,0.291,0.62,1.399,0.514,bright,white,old,64,39,Unsuitable
759,Moderate,66,46.5,106.7,80.5,0.496,0.117,0.115,3.38,0.595,0.166,0.269,0.557,0.752,0.869,dim,dark,young,43,55,Marginal
477,Good,86,52.0,114.0,186.0,0.657,0.111,0.048,2.889,0.606,0.253,0.07,0.733,0.991,0.874,dim,field,mature,20,68,Suitable
145,Excellent,93,67.5,149.2,102.3,0.784,0.037,0.012,1.946,0.81,0.278,0.055,0.906,0.832,0.957,bright,mixed,mature,1,87,Suitable
146,Excellent,95,61.6,148.3,163.9,0.814,0.002,0.017,1.773,0.903,0.207,0.063,0.714,1.062,0.931,bright,white,mature,3,83,Suitable
819,Moderate,65,78.2,135.0,191.2,0.431,0.161,0.18,3.009,0.503,0.169,0.275,0.678,1.37,0.705,mixed,field,young,36,46,Marginal
1025,Poor,38,15.1,34.4,60.6,0.115,0.48,0.17,6.311,0.457,0.095,0.358,0.383,0.667,0.725,dim,field,young,45,19,Unsuitable
233,Excellent,92,62.6,180.0,103.4,0.694,0.007,0.003,1.45,0.802,0.301,0.022,0.79,1.155,0.959,mixed,dark,mature,4,82,Suitable
288,Excellent,100,62.8,147.0,163.2,0.82,0.013,0.019,1.764,0.929,0.324,0.056,0.811,1.193,0.915,bright,dark,mature,5,78,Suitable
1172,Poor,15,31.3,63.0,65.1,0.145,0.484,0.321,9.575,0.281,0.079,0.289,0.554,0.81,0.747,bright,field,old,90,32,Unsuitable
7,Excellent,92,53.9,182.3,132.9,0.762,0.001,0.0,1.371,0.936,0.167,0.068,0.755,1.111,0.968,mixed,field,mature,4,88,Suitable
867,Moderate,46,68.3,114.2,194.9,0.433,0.106,0.137,6.938,0.626,0.071,0.101,0.518,1.463,0.765,bright,dark,mature,37,70,Marginal
605,Moderate,60,50.4,133.3,85.5,0.431,0.218,0.169,4.452,0.468,0.076,0.15,0.587,1.454,0.817,dim,dark,old,22,63,Marginal
830,Moderate,60,38.6,122.7,115.9,0.561,0.154,0.055,2.816,0.484,0.2,0.196,0.54,0.844,0.764,bright,field,young,45,48,Marginal
1010,Poor,15,15.4,108.6,97.1,0.192,0.384,0.374,12.574,0.267,0.104,0.381,0.608,0.893,0.506,mixed,field,young,64,44,Unsuitable
232,Excellent,88,68.0,177.1,127.4,0.833,0.01,0.014,1.787,0.884,0.286,0.06,0.861,1.162,0.957,mixed,mixed,mature,8,92,Suitable
323,Good,75,75.4,143.0,120.3,0.641,0.131,0.05,1.4,0.743,0.145,0.135,0.779,0.754,0.832,mixed,mixed,mature,10,82,Suitable
168,Excellent,100,60.0,137.9,160.0,0.875,0.05,0.005,0.633,0.835,0.254,0.071,0.833,1.092,0.964,mixed,dark,mature,3,78,Suitable
227,Excellent,88,68.6,172.1,163.4,0.662,0.032,0.006,1.775,0.867,0.29,0.034,0.821,1.297,0.955,mixed,mixed,mature,7,90,Suitable
676,Moderate,52,72.9,120.8,122.2,0.415,0.101,0.085,2.982,0.589,0.081,0.231,0.697,1.343,0.753,bright,dark,mature,27,55,Marginal
283,Excellent,90,62.0,175.9,168.9,0.884,0.005,0.015,1.788,0.841,0.188,0.07,0.824,0.815,0.955,mixed,mixed,mature,1,85,Suitable
505,Good,79,58.8,132.5,137.1,0.649,0.034,0.041,3.401,0.725,0.215,0.134,0.633,1.248,0.899,dim,dark,young,9,78,Suitable
396,Good,84,58.3,153.5,107.0,0.621,0.094,0.049,2.113,0.771,0.23,0.134,0.828,1.446,0.909,mixed,white,young,8,78,Suitable
1126,Poor,33,27.1,59.5,110.1,0.265,0.447,0.238,12.908,0.5,0.088,0.398,0.613,0.719,0.672,bright,dark,old,52,24,Unsuitable
253,Excellent,93,59.1,143.8,120.6,0.841,0.036,0.014,1.35,0.793,0.237,0.042,0.836,0.95,0.917,bright,dark,mature,5,86,Suitable
1173,Poor,31,29.8,97.2,80.3,0.164,0.458,0.328,10.937,0.507,0.102,0.274,0.506,0.954,0.591,mixed,dark,young,78,16,Unsuitable
27,Excellent,92,65.0,134.2,132.0,0.693,0.013,0.014,0.696,0.866,0.272,0.07,0.876,1.226,0.943,bright,white,mature,0,78,Suitable
142,Excellent,89,66.9,143.0,122.7,0.69,0.006,0.006,0.681,0.796,0.338,0.064,0.734,0.807,0.971,mixed,mixed,mature,3,92,Suitable
562,Good,87,64.9,118.1,114.8,0.738,0.089,0.03,1.951,0.763,0.261,0.149,0.619,1.138,0.871,dim,dark,mature,15,79,Suitable
677,Moderate,50,37.4,115.8,149.8,0.468,0.27,0.174,4.82,0.63,0.086,0.241,0.775,0.899,0.778,dim,field,young,32,61,Marginal
1127,Poor,18,17.0,55.1,85.3,0.24,0.314,0.332,5.958,0.435,0.054,0.33,0.629,0.544,0.714,dim,white,old,44,37,Unsuitable
1049,Poor,17,17.3,43.1,70.3,0.176,0.4,0.374,12.723,0.359,0.064,0.364,0.477,1.695,0.509,bright,field,old,54,46,Unsuitable
975,Poor,24,28.6,34.4,216.0,0.247,0.415,0.288,9.504,0.506,0.085,0.524,0.494,1.702,0.542,bright,white,young,89,18,Unsuitable
873,Moderate,68,71.1,107.2,107.2,0.301,0.206,0.109,6.433,0.467,0.181,0.167,0.754,0.857,0.742,dim,white,old,37,51,Marginal
385,Good,70,65.4,151.7,126.9,0.655,0.051,0.048,3.592,0.652,0.139,0.094,0.677,1.36,0.916,dim,white,young,7,75,Suitable
220,Excellent,100,58.6,164.7,104.1,0.7,0.018,0.01,1.271,0.933,0.153,0.021,0.839,0.84,0.984,bright,white,mature,2,83,Suitable
402,Good,81,73.3,117.6,177.7,0.642,0.059,0.05,3.22,0.717,0.156,0.134,0.648,0.854,0.865,dim,dark,young,10,67,Suitable
874,Moderate,50,59.2,146.7,86.2,0.481,0.211,0.096,3.359,0.564,0.091,0.162,0.657,1.168,0.858,mixed,mixed,old,38,53,Marginal
736,Moderate,61,55.4,74.0,139.2,0.577,0.282,0.075,4.951,0.508,0.189,0.116,0.71,1.27,0.83,bright,dark,mature,20,69,Marginal
885,Moderate,47,45.1,143.3,86.9,0.465,0.236,0.145,4.374,0.502,0.126,0.246,0.514,1.559,0.702,dim,dark,mature,25,58,Marginal
1198,Poor,22,42.8,105.0,146.8,0.197,0.345,0.42,5.672,0.421,0.046,0.479,0.55,1.105,0.701,dim,mixed,young,59,27,Unsuitable
141,Excellent,92,55.4,194.3,161.4,0.893,0.038,0.005,0.705,0.77,0.347,0.065,0.741,1.228,0.912,bright,white,mature,5,79,Suitable
910,Poor,24,16.7,83.0,172.6,0.182,0.39,0.378,6.464,0.517,0.055,0.492,0.414,1.4,0.716,mixed,mixed,old,82,22,Unsuitable
1056,Poor,33,43.9,110.1,129.2,0.06,0.553,0.336,8.135,0.441,0.137,0.509,0.565,1.783,0.745,bright,dark,young,82,37,Unsuitable
601,Moderate,50,53.6,104.9,99.0,0.544,0.243,0.098,5.911,0.59,0.089,0.149,0.538,0.773,0.732,dim,field,old,28,49,Marginal
112,Excellent,98,55.9,145.7,113.2,0.839,0.019,0.02,1.912,0.929,0.328,0.049,0.725,0.887,0.94,bright,dark,mature,4,91,Suitable
215,Excellent,87,60.9,179.9,138.0,0.779,0.044,0.016,1.769,0.779,0.267,0.033,0.718,0.836,0.936,bright,dark,mature,0,79,Suitable
107,Excellent,94,67.3,186.3,135.5,0.666,0.024,0.01,1.24,0.801,0.265,0.078,0.87,0.86,0.953,mixed,dark,mature,8,91,Suitable
527,Good,84,66.0,171.5,113.1,0.644,0.121,0.015,2.232,0.602,0.216,0.072,0.795,0.964,0.888,bright,field,mature,14,71,Suitable
298,Excellent,94,63.0,182.8,160.8,0.876,0.033,0.004,1.135,0.824,0.275,0.042,0.861,1.053,0.981,mixed,dark,mature,4,83,Suitable
761,Moderate,63,79.5,84.5,138.0,0.426,0.175,0.127,6.736,0.502,0.117,0.269,0.776,0.829,0.742,bright,dark,old,41,52,Marginal
705,Moderate,51,47.2,119.5,97.0,0.558,0.205,0.058,5.437,0.468,0.101,0.279,0.592,1.13,0.799,dim,field,young,42,50,Marginal
1090,Poor,10,42.2,72.8,93.2,0.203,0.314,0.433,6.101,0.423,0.112,0.376,0.465,1.279,0.525,mixed,field,old,84,24,Unsuitable
644,Moderate,58,58.7,87.0,160.9,0.51,0.191,0.087,6.738,0.629,0.16,0.217,0.649,1.252,0.767,mixed,mixed,mature,21,49,Marginal
319,Good,70,61.0,106.2,104.3,0.525,0.081,0.045,3.868,0.754,0.155,0.087,0.63,1.28,0.87,mixed,mixed,mature,9,65,Suitable
1004,Poor,21,35.1,87.8,215.4,0.106,0.432,0.411,12.569,0.265,0.134,0.358,0.62,0.596,0.625,bright,mixed,young,69,32,Unsuitable
595,Good,88,55.2,133.9,100.4,0.553,0.046,0.011,1.519,0.704,0.172,0.114,0.738,1.221,0.866,bright,white,young,6,75,Suitable
513,Good,79,70.5,140.1,174.7,0.727,0.04,0.054,1.503,0.752,0.202,0.063,0.772,0.855,0.902,mixed,mixed,young,15,73,Suitable
421,Good,87,49.3,139.2,154.9,0.569,0.048,0.053,1.41,0.772,0.21,0.067,0.75,1.201,0.844,dim,white,mature,21,74,Suitable
172,Excellent,97,69.6,142.2,172.9,0.796,0.024,0.018,0.892,0.797,0.282,0.076,0.917,1.214,0.962,mixed,mixed,mature,6,91,Suitable
75,Excellent,89,70.0,151.4,119.1,0.671,0.0,0.001,1.268,0.94,0.16,0.038,0.839,0.802,0.901,bright,mixed,mature,2,84,Suitable
409,Good,68,46.2,134.4,130.3,0.735,0.034,0.052,3.388,0.644,0.139,0.128,0.786,1.283,0.864,dim,white,mature,20,70,Suitable
1032,Poor,22,38.4,50.7,197.4,0.161,0.323,0.445,12.677,0.252,0.075,0.453,0.561,1.133,0.674,mixed,white,young,84,43,Unsuitable
666,Moderate,68,31.9,86.0,107.5,0.386,0.272,0.103,5.459,0.503,0.187,0.174,0.601,0.743,0.736,dim,field,old,31,46,Marginal
90,Excellent,87,52.5,159.2,119.5,0.864,0.006,0.008,1.985,0.934,0.245,0.043,0.83,0.991,0.907,bright,mixed,mature,4,86,Suitable
1148,Poor,45,38.4,112.7,197.6,0.058,0.419,0.24,10.569,0.459,0.107,0.231,0.399,1.59,0.543,bright,mixed,young,71,43,Unsuitable
958,Poor,26,39.7,37.7,210.0,0.226,0.503,0.221,11.031,0.31,0.097,0.479,0.54,0.873,0.565,mixed,dark,old,70,40,Unsuitable
85,Excellent,91,54.9,154.6,112.5,0.739,0.008,0.007,1.577,0.767,0.256,0.028,0.843,1.211,0.973,bright,white,mature,3,82,Suitable
68,Excellent,100,53.0,171.9,137.8,0.867,0.024,0.002,1.873,0.922,0.341,0.036,0.753,0.913,0.919,bright,white,mature,3,85,Suitable
1098,Poor,19,19.6,70.0,200.3,0.311,0.29,0.246,11.702,0.435,0.094,0.514,0.425,1.472,0.708,dim,mixed,old,52,20,Unsuitable
778,Moderate,45,31.3,92.5,104.8,0.358,0.299,0.154,4.55,0.576,0.101,0.154,0.771,1.234,0.756,bright,white,mature,20,45,Marginal
473,Good,78,62.2,133.2,111.0,0.502,0.149,0.046,3.116,0.775,0.219,0.056,0.88,0.872,0.83,mixed,field,young,11,73,Suitable
608,Moderate,59,67.3,82.4,189.0,0.56,0.208,0.155,6.265,0.677,0.116,0.232,0.779,0.728,0.731,bright,dark,old,37,69,Marginal
496,Good,80,68.9,106.7,139.7,0.671,0.079,0.046,1.121,0.718,0.25,0.136,0.738,1.282,0.915,dim,field,young,19,80,Suitable
788,Moderate,57,31.0,125.1,186.7,0.548,0.263,0.14,6.646,0.66,0.112,0.269,0.669,1.237,0.827,dim,dark,old,42,57,Marginal
1018,Poor,45,17.3,57.8,166.5,0.295,0.238,0.417,5.992,0.312,0.119,0.48,0.352,0.954,0.663,mixed,field,old,75,16,Unsuitable
760,Moderate,54,58.1,138.8,164.1,0.499,0.212,0.124,5.262,0.617,0.174,0.256,0.756,1.459,0.807,dim,white,young,44,63,Marginal
841,Moderate,56,59.7,115.7,173.8,0.56,0.148,0.06,3.668,0.471,0.197,0.144,0.665,1.057,0.716,mixed,white,mature,43,57,Marginal
229,Excellent,94,58.6,182.5,162.2,0.68,0.044,0.016,0.816,0.879,0.202,0.073,0.907,1.235,0.943,bright,field,mature,0,80,Suitable
656,Moderate,63,44.8,107.3,153.0,0.382,0.187,0.177,6.162,0.573,0.144,0.138,0.762,0.799,0.879,mixed,mixed,young,19,65,Marginal
1046,Poor,29,33.9,47.4,173.1,0.063,0.496,0.243,8.871,0.479,0.125,0.38,0.634,0.518,0.635,dim,mixed,old,58,33,Unsuitable
637,Moderate,47,44.7,146.1,186.4,0.335,0.194,0.147,4.383,0.501,0.151,0.135,0.548,1.254,0.865,dim,white,young,20,64,Marginal
349,Good,85,63.1,107.1,115.5,0.687,0.09,0.058,1.851,0.723,0.118,0.097,0.801,0.766,0.895,mixed,mixed,young,20,65,Suitable
426,Good,68,68.8,164.3,160.7,0.617,0.052,0.027,3.625,0.701,0.144,0.082,0.754,1.255,0.916,dim,dark,young,16,74,Suitable
777,Moderate,67,54.5,144.7,122.5,0.549,0.107,0.041,6.914,0.558,0.128,0.216,0.59,1.029,0.807,mixed,mixed,mature,28,67,Marginal
451,Good,85,66.0,126.7,184.8,0.563,0.072,0.026,3.24,0.777,0.255,0.086,0.756,0.907,0.902,mixed,dark,young,13,85,Suitable
504,Good,80,72.2,171.8,152.9,0.668,0.116,0.035,1.384,0.797,0.199,0.089,0.879,0.886,0.847,mixed,mixed,young,14,78,Suitable
573,Good,85,56.9,161.8,104.2,0.648,0.037,0.045,2.745,0.706,0.226,0.105,0.734,1.035,0.856,bright,dark,young,8,78,Suitable
531,Good,77,61.2,128.7,91.2,0.654,0.062,0.034,1.795,0.653,0.216,0.08,0.672,1.304,0.86,mixed,dark,mature,19,76,Suitable
185,Excellent,88,63.9,165.7,120.6,0.745,0.032,0.005,0.507,0.752,0.315,0.043,0.887,0.8,0.909,bright,field,mature,1,82,Suitable
415,Good,78,47.5,136.2,139.6,0.73,0.088,0.029,1.258,0.804,0.188,0.108,0.803,1.222,0.891,dim,field,mature,9,83,Suitable
160,Excellent,91,66.5,136.8,122.5,0.876,0.035,0.014,1.526,0.906,0.296,0.054,0.886,0.959,0.951,mixed,field,mature,5,82,Suitable
805,Moderate,57,41.9,72.9,184.4,0.454,0.199,0.092,4.814,0.478,0.128,0.109,0.587,1.394,0.873,bright,dark,mature,18,56,Marginal
167,Excellent,96,52.8,159.5,139.0,0.799,0.001,0.015,0.699,0.772,0.317,0.049,0.889,1.111,0.958,mixed,dark,mature,4,86,Suitable
408,Good,83,67.9,173.0,120.1,0.687,0.077,0.027,3.033,0.792,0.124,0.104,0.731,1.037,0.925,bright,mixed,young,17,75,Suitable
36,Excellent,99,61.6,191.5,116.9,0.699,0.038,0.007,1.519,0.888,0.173,0.032,0.795,1.25,0.987,bright,dark,mature,6,78,Suitable
741,Moderate,57,41.8,73.0,128.7,0.578,0.234,0.056,3.981,0.484,0.164,0.194,0.502,1.421,0.803,mixed,white,mature,34,49,Marginal
721,Moderate,57,68.9,78.9,123.1,0.507,0.228,0.115,3.701,0.672,0.072,0.266,0.598,0.99,0.779,bright,field,mature,28,49,Marginal
84,Excellent,100,70.1,148.9,118.8,0.741,0.021,0.011,0.553,0.923,0.281,0.079,0.704,0.853,0.923,bright,white,mature,1,84,Suitable
1097,Poor,40,32.4,46.3,84.5,0.122,0.479,0.349,8.542,0.485,0.084,0.533,0.427,0.521,0.67,bright,field,young,70,24,Unsuitable
270,Excellent,98,70.8,181.9,113.5,0.654,0.046,0.018,1.283,0.775,0.322,0.079,0.889,1.109,0.981,mixed,white,mature,8,80,Suitable
1034,Poor,21,33.0,52.5,90.7,0.288,0.382,0.279,7.455,0.339,0.14,0.491,0.395,0.622,0.58,mixed,field,old,78,16,Unsuitable
1100,Poor,39,39.7,34.8,183.7,0.14,0.353,0.275,5.655,0.276,0.049,0.508,0.383,1.318,0.678,mixed,white,young,59,49,Unsuitable
664,Moderate,67,74.9,89.8,162.7,0.533,0.253,0.081,5.752,0.583,0.189,0.26,0.739,0.775,0.735,bright,field,old,18,55,Marginal
994,Poor,40,42.6,115.3,118.3,0.052,0.575,0.249,11.108,0.35,0.054,0.233,0.402,1.428,0.67,dim,white,old,57,40,Unsuitable
743,Moderate,57,73.8,96.3,140.1,0.514,0.198,0.145,4.772,0.652,0.123,0.143,0.663,1.133,0.74,dim,dark,young,18,67,Marginal
1124,Poor,35,41.2,97.3,174.5,0.279,0.252,0.182,13.446,0.334,0.13,0.411,0.402,1.795,0.602,dim,field,young,69,25,Unsuitable
438,Good,71,65.4,148.9,115.2,0.567,0.121,0.013,3.394,0.793,0.103,0.142,0.754,1.408,0.943,bright,dark,mature,9,83,Suitable
1189,Poor,18,25.2,70.7,111.7,0.239,0.406,0.304,13.311,0.362,0.058,0.504,0.544,1.058,0.677,dim,field,old,57,43,Unsuitable
336,Good,83,70.1,155.9,158.7,0.603,0.049,0.029,2.935,0.791,0.127,0.137,0.845,1.154,0.821,mixed,white,young,12,65,Suitable
1005,Poor,25,27.2,75.2,119.4,0.2,0.477,0.265,9.059,0.469,0.138,0.529,0.482,0.796,0.519,dim,dark,young,40,30,Unsuitable
899,Moderate,48,66.1,143.0,160.2,0.57,0.114,0.072,6.12,0.463,0.076,0.189,0.671,1.574,0.795,mixed,mixed,mature,33,49,Marginal
725,Moderate,49,75.7,147.5,105.8,0.321,0.152,0.043,5.361,0.565,0.094,0.243,0.612,1.001,0.808,bright,mixed,old,30,48,Marginal
135,Excellent,90,53.7,192.0,135.1,0.854,0.014,0.006,1.331,0.912,0.181,0.025,0.898,0.896,0.956,bright,mixed,mature,5,84,Suitable
99,Excellent,91,53.2,170.3,176.7,0.858,0.036,0.019,1.908,0.812,0.163,0.026,0.778,1.044,0.967,bright,white,mature,3,87,Suitable
261,Excellent,95,66.8,150.3,101.6,0.69,0.035,0.016,1.143,0.921,0.16,0.074,0.753,1.185,0.969,bright,white,mature,2,84,Suitable
615,Moderate,66,45.0,136.0,148.3,0.421,0.279,0.165,5.922,0.512,0.116,0.164,0.622,0.879,0.801,mixed,dark,mature,39,70,Marginal
1077,Poor,13,17.6,99.8,81.6,0.124,0.49,0.184,7.765,0.338,0.078,0.516,0.544,1.281,0.5,dim,mixed,old,87,25,Unsuitable
88,Excellent,98,60.9,158.1,122.1,0.899,0.037,0.002,1.42,0.828,0.16,0.042,0.705,1.087,0.933,mixed,white,mature,7,78,Suitable
428,Good,86,47.1,119.8,127.0,0.685,0.048,0.013,2.37,0.609,0.16,0.07,0.866,0.852,0.851,bright,dark,young,20,73,Suitable
485,Good,83,77.2,133.5,143.1,0.561,0.096,0.049,2.907,0.621,0.135,0.104,0.7,1.168,0.94,mixed,field,mature,11,85,Suitable
399,Good,75,62.5,168.6,91.3,0.747,0.102,0.018,2.056,0.813,0.216,0.131,0.756,0.866,0.834,dim,dark,mature,11,79,Suitable
832,Moderate,66,45.9,121.7,125.8,0.334,0.26,0.066,5.558,0.499,0.161,0.19,0.778,1.091,0.722,dim,dark,young,34,66,Marginal
487,Good,77,49.5,138.4,120.3,0.587,0.044,0.056,2.339,0.765,0.24,0.145,0.651,1.301,0.86,mixed,dark,young,22,84,Suitable
150,Excellent,87,67.7,136.4,146.0,0.658,0.035,0.014,1.141,0.897,0.158,0.054,0.815,1.101,0.957,mixed,mixed,mature,6,78,Suitable
165,Excellent,97,67.1,150.7,174.6,0.894,0.019,0.01,1.845,0.945,0.227,0.044,0.88,1.055,0.92,mixed,dark,mature,8,92,Suitable
901,Poor,43,34.4,64.0,154.7,0.219,0.367,0.364,11.482,0.306,0.098,0.226,0.619,1.245,0.632,dim,mixed,young,49,43,Unsuitable
386,Good,73,58.1,147.3,92.2,0.738,0.119,0.053,1.967,0.606,0.24,0.062,0.73,1.242,0.843,dim,field,young,7,73,Suitable
390,Good,71,66.8,127.5,176.4,0.749,0.104,0.054,1.77,0.809,0.183,0.119,0.824,0.829,0.914,bright,mixed,young,10,69,Suitable
1059,Poor,16,21.3,61.3,205.4,0.19,0.321,0.159,12.29,0.448,0.113,0.416,0.462,1.138,0.655,bright,mixed,young,72,26,Unsuitable
937,Poor,22,44.3,111.7,216.5,0.228,0.522,0.16,8.389,0.452,0.048,0.316,0.646,0.952,0.643,dim,mixed,old,47,41,Unsuitable
1162,Poor,23,41.7,49.0,84.0,0.115,0.338,0.307,13.48,0.416,0.086,0.273,0.48,0.874,0.664,dim,field,old,55,49,Unsuitable
205,Excellent,90,53.8,170.5,175.2,0.668,0.039,0.019,0.974,0.753,0.25,0.024,0.722,1.027,0.93,bright,dark,mature,0,91,Suitable
353,Good,86,60.7,162.6,186.3,0.518,0.036,0.055,1.356,0.73,0.145,0.137,0.697,1.211,0.933,dim,white,mature,8,82,Suitable
254,Excellent,93,71.0,177.5,175.1,0.801,0.042,0.019,1.111,0.845,0.342,0.021,0.856,0.862,0.916,mixed,white,mature,6,79,Suitable
304,Good,82,52.2,135.5,157.3,0.749,0.143,0.05,3.891,0.81,0.244,0.133,0.644,1.307,0.829,bright,field,young,20,79,Suitable
114,Excellent,92,57.6,182.7,123.4,0.845,0.016,0.011,1.092,0.92,0.244,0.079,0.78,1.276,0.902,bright,mixed,mature,4,88,Suitable
878,Moderate,52,75.5,116.3,171.9,0.348,0.261,0.122,4.377,0.598,0.076,0.175,0.571,1.012,0.75,mixed,dark,mature,35,64,Marginal
263,Excellent,90,69.5,130.0,178.2,0.707,0.001,0.012,1.814,0.912,0.158,0.022,0.839,0.909,0.975,bright,field,mature,0,92,Suitable
646,Moderate,49,56.7,122.3,164.2,0.594,0.178,0.13,6.405,0.457,0.183,0.126,0.511,1.294,0.716,bright,dark,mature,32,53,Marginal
782,Moderate,71,73.6,103.5,167.4,0.569,0.191,0.131,4.324,0.629,0.126,0.163,0.593,0.654,0.857,mixed,white,young,30,56,Marginal
993,Poor,22,35.5,32.8,183.1,0.228,0.278,0.445,8.801,0.344,0.096,0.279,0.472,1.716,0.693,mixed,dark,old,50,21,Unsuitable
69,Excellent,95,61.5,142.1,172.2,0.886,0.007,0.004,1.403,0.786,0.3,0.037,0.881,1.078,0.918,mixed,field,mature,6,84,Suitable
49,Excellent,99,63.0,144.3,179.1,0.724,0.049,0.02,0.837,0.888,0.215,0.068,0.751,0.864,0.93,bright,dark,mature,8,84,Suitable
529,Good,75,66.4,128.4,116.6,0.512,0.101,0.012,1.762,0.642,0.19,0.094,0.686,1.388,0.866,bright,field,mature,15,72,Suitable
119,Excellent,98,53.7,133.2,159.3,0.828,0.005,0.004,1.334,0.792,0.281,0.047,0.731,1.256,0.946,mixed,white,mature,5,85,Suitable
665,Moderate,51,45.4,72.9,163.5,0.544,0.196,0.167,3.991,0.605,0.12,0.162,0.656,0.725,0.781,mixed,dark,old,22,68,Marginal
611,Moderate,68,39.2,149.6,199.4,0.6,0.135,0.061,3.348,0.559,0.164,0.132,0.503,0.785,0.829,dim,white,old,43,45,Marginal
934,Poor,37,27.9,58.6,87.4,0.107,0.569,0.189,5.947,0.406,0.093,0.249,0.304,1.133,0.552,mixed,field,old,48,32,Unsuitable
1055,Poor,31,41.5,112.5,191.4,0.313,0.384,0.253,8.951,0.355,0.082,0.311,0.387,1.281,0.713,dim,dark,old,74,21,Unsuitable
427,Good,68,47.7,131.9,142.2,0.519,0.069,0.027,3.074,0.756,0.223,0.067,0.775,1.256,0.842,bright,white,young,20,75,Suitable
492,Good,74,60.1,115.5,141.8,0.701,0.138,0.014,3.255,0.709,0.27,0.118,0.747,0.831,0.831,bright,mixed,young,5,83,Suitable
73,Excellent,100,57.3,130.6,131.3,0.673,0.019,0.015,1.535,0.898,0.15,0.023,0.704,1.158,0.956,bright,mixed,mature,2,78,Suitable
433,Good,80,45.9,162.9,188.5,0.521,0.037,0.029,2.655,0.646,0.171,0.088,0.776,1.251,0.916,dim,dark,young,6,76,Suitable
64,Excellent,100,69.4,142.0,115.5,0.713,0.006,0.005,1.47,0.823,0.188,0.031,0.779,0.832,0.958,mixed,white,mature,2,87,Suitable
15,Excellent,99,63.5,195.5,128.0,0.845,0.03,0.013,1.423,0.935,0.213,0.033,0.802,1.29,0.979,mixed,mixed,mature,5,91,Suitable
51,Excellent,92,68.7,145.8,155.3,0.87,0.044,0.019,1.266,0.91,0.316,0.057,0.777,1.295,0.968,bright,mixed,mature,8,81,Suitable
941,Poor,46,35.4,35.6,126.2,0.296,0.305,0.319,6.254,0.513,0.135,0.462,0.51,1.116,0.675,dim,dark,young,51,35,Unsuitable
308,Good,77,59.7,148.1,133.1,0.659,0.149,0.058,3.11,0.785,0.124,0.104,0.681,1.101,0.863,mixed,dark,mature,5,72,Suitable
968,Poor,44,21.5,57.8,170.1,0.282,0.413,0.196,13.614,0.507,0.071,0.465,0.527,0.519,0.524,dim,field,young,48,29,Unsuitable
697,Moderate,43,33.2,122.8,155.5,0.321,0.293,0.147,6.232,0.496,0.08,0.248,0.707,1.53,0.77,dim,dark,young,18,55,Marginal
40,Excellent,89,62.3,189.4,133.5,0.772,0.03,0.009,1.653,0.868,0.268,0.049,0.704,1.273,0.935,mixed,field,mature,0,86,Suitable
636,Moderate,57,46.5,141.1,168.2,0.358,0.225,0.092,3.309,0.554,0.185,0.118,0.616,1.131,0.814,dim,dark,mature,26,50,Marginal
83,Excellent,89,54.5,150.7,131.6,0.73,0.016,0.001,1.804,0.899,0.174,0.064,0.916,0.826,0.917,mixed,white,mature,7,79,Suitable
120,Excellent,100,54.3,177.8,151.7,0.704,0.037,0.013,1.109,0.779,0.198,0.068,0.878,1.155,0.972,bright,mixed,mature,7,83,Suitable
486,Good,77,73.8,168.8,139.8,0.55,0.143,0.058,1.857,0.784,0.185,0.139,0.807,1.125,0.942,mixed,dark,mature,12,76,Suitable
367,Good,82,48.1,155.9,100.3,0.51,0.057,0.04,2.912,0.624,0.261,0.119,0.817,1.231,0.942,mixed,mixed,mature,20,84,Suitable
998,Poor,30,18.4,67.5,98.8,0.238,0.507,0.205,13.166,0.368,0.052,0.267,0.319,1.381,0.713,bright,dark,young,77,22,Unsuitable
1116,Poor,38,17.4,96.4,73.0,0.272,0.478,0.201,7.307,0.262,0.113,0.357,0.404,1.078,0.607,bright,field,old,66,49,Unsuitable
218,Excellent,93,56.1,132.3,144.3,0.77,0.028,0.001,1.228,0.853,0.238,0.045,0.703,1.089,0.969,mixed,mixed,mature,7,80,Suitable
257,Excellent,92,67.5,187.4,104.8,0.894,0.05,0.011,1.38,0.941,0.309,0.069,0.76,0.906,0.942,bright,field,mature,4,89,Suitable
804,Moderate,48,62.2,129.9,95.6,0.536,0.183,0.056,3.34,0.471,0.103,0.117,0.567,1.443,0.782,bright,mixed,young,21,46,Marginal
391,Good,75,48.5,175.8,127.5,0.598,0.112,0.058,3.9,0.686,0.148,0.096,0.851,0.992,0.904,dim,white,young,14,79,Suitable
276,Excellent,90,60.9,150.1,135.9,0.697,0.026,0.015,0.596,0.802,0.232,0.028,0.748,0.947,0.935,bright,dark,mature,6,83,Suitable
815,Moderate,65,45.1,92.6,90.2,0.488,0.101,0.126,6.304,0.495,0.161,0.175,0.569,1.286,0.725,dim,mixed,old,36,55,Marginal
578,Good,76,50.6,132.3,125.2,0.55,0.045,0.01,3.906,0.663,0.186,0.138,0.613,1.208,0.926,bright,field,young,19,68,Suitable
1192,Poor,41,17.6,47.7,77.1,0.256,0.275,0.216,10.569,0.291,0.052,0.497,0.379,1.528,0.621,dim,field,young,62,35,Unsuitable
1146,Poor,31,20.2,103.8,122.4,0.212,0.454,0.268,7.38,0.348,0.059,0.345,0.382,0.988,0.608,mixed,white,young,85,42,Unsuitable
861,Moderate,52,46.1,70.5,81.8,0.537,0.13,0.173,3.788,0.613,0.076,0.226,0.721,0.953,0.76,bright,field,young,24,51,Marginal
553,Good,68,71.5,151.1,167.9,0.698,0.071,0.029,3.098,0.785,0.197,0.103,0.778,1.42,0.851,bright,white,mature,16,83,Suitable
976,Poor,25,19.3,53.6,110.3,0.23,0.398,0.197,8.027,0.419,0.113,0.23,0.568,1.785,0.742,dim,dark,young,56,49,Unsuitable
79,Excellent,97,66.5,139.7,109.5,0.874,0.045,0.02,1.559,0.825,0.195,0.079,0.919,0.998,0.914,bright,field,mature,2,87,Suitable
280,Excellent,92,67.5,173.0,116.0,0.782,0.017,0.018,1.287,0.907,0.216,0.073,0.748,1.188,0.913,bright,field,mature,6,86,Suitable
568,Good,70,59.6,131.1,171.8,0.712,0.047,0.03,1.423,0.8,0.252,0.06,0.711,1.345,0.945,dim,dark,young,13,80,Suitable
589,Good,76,75.2,138.9,187.5,0.642,0.116,0.051,1.952,0.784,0.21,0.109,0.792,1.396,0.886,dim,mixed,mature,18,84,Suitable
752,Moderate,66,50.1,100.4,139.7,0.314,0.248,0.058,5.644,0.54,0.094,0.142,0.572,0.854,0.869,dim,dark,mature,43,54,Marginal
647,Moderate,50,30.9,85.4,169.8,0.362,0.145,0.11,4.2,0.571,0.104,0.272,0.697,0.765,0.869,dim,field,young,29,66,Marginal
1168,Poor,18,42.0,49.9,112.8,0.066,0.385,0.314,13.632,0.312,0.134,0.457,0.503,0.818,0.547,bright,dark,old,90,23,Unsuitable
870,Moderate,62,77.2,149.8,136.6,0.304,0.156,0.104,5.066,0.536,0.153,0.268,0.564,1.109,0.744,mixed,field,old,36,62,Marginal
1175,Poor,17,17.1,103.0,152.7,0.084,0.481,0.376,5.508,0.466,0.068,0.482,0.62,0.908,0.594,dim,dark,young,74,17,Unsuitable
189,Excellent,93,69.7,150.0,120.4,0.863,0.01,0.02,1.368,0.894,0.295,0.035,0.758,1.256,0.928,mixed,field,mature,1,91,Suitable
785,Moderate,50,61.9,124.0,125.6,0.561,0.285,0.084,3.063,0.642,0.107,0.223,0.697,0.712,0.714,dim,white,young,20,55,Marginal
423,Good,71,58.3,119.4,148.4,0.613,0.107,0.014,2.521,0.763,0.123,0.138,0.82,1.25,0.827,bright,field,mature,8,80,Suitable
978,Poor,41,25.1,104.4,183.5,0.113,0.55,0.299,7.097,0.319,0.132,0.496,0.642,0.595,0.644,bright,white,young,53,40,Unsuitable
380,Good,80,66.9,114.7,140.1,0.55,0.081,0.021,2.326,0.751,0.176,0.113,0.689,0.811,0.873,mixed,white,young,11,83,Suitable
246,Excellent,89,64.8,132.3,175.6,0.731,0.013,0.016,0.837,0.792,0.219,0.049,0.884,0.929,0.914,bright,mixed,mature,0,83,Suitable
483,Good,78,63.8,159.2,134.8,0.721,0.131,0.039,3.391,0.712,0.267,0.054,0.753,1.444,0.891,mixed,white,mature,8,84,Suitable
613,Moderate,57,79.6,119.3,134.9,0.42,0.23,0.156,3.901,0.474,0.094,0.255,0.591,1.11,0.83,mixed,white,mature,37,55,Marginal
633,Moderate,46,30.7,93.1,119.2,0.54,0.236,0.047,3.759,0.521,0.143,0.151,0.549,1.343,0.824,bright,mixed,mature,23,54,Marginal
602,Moderate,60,49.1,70.6,112.9,0.568,0.195,0.131,2.697,0.573,0.106,0.211,0.705,0.684,0.741,dim,field,young,26,69,Marginal
1108,Poor,42,22.6,118.8,175.9,0.179,0.344,0.427,11.004,0.454,0.066,0.264,0.381,0.563,0.642,dim,dark,young,67,43,Unsuitable
713,Moderate,70,69.8,71.8,160.8,0.494,0.273,0.16,3.746,0.455,0.147,0.184,0.773,0.676,0.751,mixed,mixed,mature,35,52,Marginal
996,Poor,23,24.9,55.1,110.1,0.333,0.263,0.152,9.168,0.451,0.086,0.318,0.43,1.637,0.747,dim,dark,old,44,34,Unsuitable
834,Moderate,66,63.6,79.6,124.5,0.474,0.194,0.168,4.246,0.589,0.118,0.101,0.765,0.793,0.841,mixed,dark,old,22,46,Marginal
1133,Poor,27,30.7,56.4,141.5,0.311,0.391,0.213,7.217,0.278,0.048,0.351,0.42,1.593,0.579,dim,white,old,59,17,Unsuitable
1194,Poor,42,19.6,85.6,70.2,0.243,0.311,0.17,12.243,0.393,0.082,0.233,0.43,0.544,0.755,bright,dark,old,40,20,Unsuitable
707,Moderate,56,73.2,125.6,140.6,0.526,0.142,0.093,3.312,0.562,0.163,0.197,0.644,1.349,0.717,mixed,dark,mature,21,51,Marginal
653,Moderate,49,60.4,81.1,160.1,0.401,0.234,0.119,4.766,0.487,0.172,0.179,0.747,1.577,0.705,dim,white,old,31,46,Marginal
300,Excellent,89,55.2,131.4,120.5,0.683,0.006,0.018,1.568,0.931,0.203,0.073,0.869,0.972,0.975,bright,mixed,mature,1,90,Suitable
458,Good,79,50.9,127.5,132.1,0.724,0.114,0.018,1.745,0.624,0.19,0.112,0.606,1.348,0.873,dim,white,mature,22,78,Suitable
143,Excellent,97,69.0,152.7,104.2,0.865,0.018,0.02,1.815,0.77,0.166,0.027,0.812,1.147,0.95,bright,white,mature,5,82,Suitable
434,Good,72,45.2,115.9,187.9,0.58,0.117,0.025,3.614,0.624,0.207,0.092,0.736,0.95,0.882,dim,white,mature,12,84,Suitable
518,Good,72,73.3,127.9,178.8,0.527,0.1,0.023,3.2,0.617,0.242,0.077,0.726,1.03,0.848,mixed,mixed,mature,15,65,Suitable
616,Moderate,54,51.0,128.9,98.6,0.504,0.228,0.062,3.654,0.544,0.154,0.272,0.699,0.67,0.827,bright,mixed,young,36,53,Marginal
1022,Poor,14,26.6,58.5,172.9,0.12,0.3,0.409,6.569,0.488,0.115,0.486,0.33,0.692,0.504,mixed,field,young,46,34,Unsuitable
831,Moderate,52,32.4,144.7,181.4,0.37,0.292,0.081,5.868,0.53,0.171,0.131,0.541,0.795,0.796,dim,white,mature,44,62,Marginal
1045,Poor,19,17.0,106.7,171.9,0.181,0.361,0.408,13.255,0.261,0.094,0.446,0.589,0.953,0.601,bright,field,old,51,17,Unsuitable
117,Excellent,89,62.4,166.6,118.5,0.884,0.009,0.008,1.015,0.873,0.157,0.055,0.738,0.918,0.972,mixed,white,mature,3,78,Suitable
259,Excellent,90,52.6,166.3,173.1,0.773,0.004,0.0,1.704,0.832,0.307,0.063,0.858,0.87,0.948,bright,field,mature,5,91,Suitable
1132,Poor,35,25.0,55.0,198.1,0.184,0.294,0.407,5.252,0.251,0.063,0.246,0.535,1.298,0.583,dim,mixed,old,50,29,Unsuitable
170,Excellent,92,61.2,199.5,115.9,0.679,0.008,0.008,0.861,0.841,0.28,0.052,0.704,0.83,0.959,mixed,mixed,mature,1,91,Suitable
522,Good,87,47.7,115.9,189.2,0.57,0.087,0.036,2.204,0.678,0.279,0.096,0.854,1.433,0.853,mixed,field,young,6,71,Suitable
1048,Poor,32,40.0,99.4,163.0,0.203,0.394,0.156,8.563,0.449,0.068,0.419,0.464,1.353,0.558,dim,field,young,50,16,Unsuitable
604,Moderate,53,36.9,109.5,112.9,0.308,0.233,0.042,6.661,0.599,0.137,0.104,0.653,0.748,0.731,dim,white,young,41,55,Marginal
927,Poor,11,34.8,47.9,154.8,0.11,0.38,0.378,8.461,0.36,0.138,0.456,0.546,1.162,0.644,bright,field,young,81,46,Unsuitable
50,Excellent,93,59.0,194.6,119.4,0.777,0.002,0.012,0.793,0.784,0.236,0.055,0.798,0.988,0.945,mixed,white,mature,0,87,Suitable
907,Poor,24,34.9,30.2,202.6,0.077,0.295,0.323,6.906,0.287,0.132,0.378,0.56,1.146,0.664,dim,mixed,old,64,25,Unsuitable
502,Good,81,69.6,117.7,164.1,0.647,0.053,0.026,1.896,0.788,0.247,0.127,0.857,1.256,0.897,dim,white,mature,22,73,Suitable
213,Excellent,92,61.3,171.2,107.3,0.735,0.005,0.002,0.56,0.918,0.172,0.052,0.781,1.164,0.936,mixed,mixed,mature,0,78,Suitable
201,Excellent,96,57.9,168.3,126.7,0.789,0.001,0.011,1.67,0.789,0.166,0.023,0.892,0.909,0.977,bright,field,mature,2,82,Suitable
971,Poor,25,34.7,76.1,129.2,0.163,0.338,0.449,10.452,0.29,0.097,0.472,0.514,1.617,0.506,bright,mixed,young,47,25,Unsuitable
111,Excellent,94,53.8,163.7,173.1,0.729,0.006,0.015,0.817,0.922,0.174,0.055,0.81,1.057,0.917,mixed,mixed,mature,6,85,Suitable
292,Excellent,98,54.2,137.6,140.2,0.679,0.032,0.016,1.254,0.841,0.234,0.076,0.813,0.851,0.977,mixed,field,mature,5,92,Suitable
806,Moderate,51,75.4,95.1,186.3,0.545,0.11,0.103,4.42,0.531,0.174,0.185,0.762,0.697,0.753,bright,dark,old,24,60,Marginal
722,Moderate,53,59.0,92.4,179.6,0.388,0.106,0.152,4.588,0.504,0.071,0.132,0.51,1.504,0.825,mixed,dark,mature,29,51,Marginal
1156,Poor,38,34.2,88.4,67.7,0.065,0.463,0.422,7.867,0.488,0.102,0.268,0.584,0.839,0.604,dim,field,old,42,46,Unsuitable
306,Good,74,56.0,162.6,100.9,0.732,0.11,0.035,3.826,0.789,0.227,0.14,0.628,1.04,0.937,bright,field,mature,21,71,Suitable
992,Poor,40,40.3,89.0,132.2,0.155,0.409,0.387,5.17,0.266,0.053,0.313,0.512,1.587,0.512,dim,white,young,53,32,Unsuitable
808,Moderate,60,40.0,141.4,181.4,0.559,0.296,0.083,4.933,0.528,0.156,0.269,0.674,1.456,0.843,dim,dark,young,38,67,Marginal
775,Moderate,56,75.6,105.2,143.2,0.486,0.129,0.052,3.882,0.633,0.17,0.152,0.626,1.386,0.775,dim,field,mature,32,52,Marginal
781,Moderate,62,78.8,148.4,148.7,0.344,0.181,0.167,5.685,0.562,0.086,0.162,0.6,0.674,0.777,dim,mixed,young,21,52,Marginal
362,Good,72,74.1,172.1,106.6,0.691,0.035,0.015,3.555,0.788,0.129,0.112,0.658,1.178,0.899,dim,white,young,21,85,Suitable
526,Good,82,53.2,148.0,178.3,0.587,0.061,0.034,2.573,0.788,0.161,0.114,0.809,0.968,0.912,dim,white,mature,13,70,Suitable
769,Moderate,64,72.1,96.2,142.3,0.513,0.228,0.076,6.018,0.599,0.155,0.177,0.594,0.852,0.778,mixed,white,mature,41,48,Marginal
786,Moderate,60,36.1,122.0,110.7,0.511,0.155,0.178,2.898,0.524,0.108,0.138,0.764,1.181,0.803,mixed,mixed,mature,44,45,Marginal
882,Moderate,49,63.6,101.2,90.4,0.59,0.215,0.054,5.21,0.607,0.083,0.19,0.573,0.842,0.788,dim,field,mature,20,66,Marginal
495,Good,83,55.4,125.2,179.4,0.599,0.034,0.042,1.823,0.766,0.246,0.126,0.865,1.065,0.944,dim,field,mature,9,85,Suitable
784,Moderate,43,78.4,102.7,182.4,0.456,0.211,0.134,6.472,0.467,0.112,0.194,0.737,1.238,0.707,mixed,field,young,23,69,Marginal
655,Moderate,64,77.6,103.4,89.5,0.391,0.16,0.136,4.551,0.457,0.156,0.251,0.658,1.118,0.873,dim,mixed,young,24,62,Marginal
510,Good,85,50.3,121.6,118.6,0.711,0.055,0.054,1.564,0.645,0.163,0.13,0.816,0.976,0.88,dim,mixed,young,16,69,Suitable
669,Moderate,56,53.5,88.5,132.7,0.305,0.196,0.084,4.714,0.524,0.186,0.279,0.742,1.188,0.829,bright,field,old,28,50,Marginal
206,Excellent,90,55.3,155.0,153.0,0.815,0.02,0.016,0.678,0.859,0.193,0.048,0.869,1.068,0.953,bright,dark,mature,6,82,Suitable
1066,Poor,38,20.5,68.2,157.6,0.101,0.445,0.404,10.001,0.328,0.129,0.275,0.315,0.861,0.641,mixed,mixed,young,86,36,Unsuitable
838,Moderate,63,55.9,106.8,95.4,0.5,0.284,0.102,4.234,0.66,0.079,0.179,0.67,1.571,0.846,mixed,dark,young,19,63,Marginal
285,Excellent,98,61.9,155.1,133.7,0.892,0.032,0.011,0.845,0.904,0.192,0.075,0.782,0.843,0.944,bright,field,mature,5,85,Suitable
488,Good,69,55.1,111.7,120.1,0.598,0.094,0.059,2.134,0.601,0.145,0.108,0.72,0.854,0.872,bright,mixed,young,5,66,Suitable
516,Good,79,67.2,154.2,177.7,0.67,0.105,0.025,3.09,0.691,0.276,0.126,0.65,0.852,0.911,bright,field,young,22,75,Suitable
986,Poor,42,39.8,106.0,214.4,0.289,0.285,0.376,6.799,0.467,0.06,0.396,0.309,1.754,0.71,dim,mixed,young,88,25,Unsuitable
1012,Poor,29,43.4,96.8,61.5,0.332,0.364,0.255,11.483,0.396,0.091,0.361,0.453,1.401,0.757,dim,field,old,66,22,Unsuitable
1137,Poor,30,15.9,49.5,150.8,0.304,0.268,0.378,10.367,0.328,0.118,0.237,0.611,0.869,0.587,dim,field,old,74,33,Unsuitable
475,Good,78,53.5,103.8,149.5,0.624,0.127,0.019,3.648,0.79,0.268,0.14,0.662,1.412,0.892,bright,field,young,5,66,Suitable
224,Excellent,88,56.5,174.8,177.7,0.891,0.045,0.003,1.359,0.752,0.339,0.047,0.862,1.258,0.95,bright,mixed,mature,4,80,Suitable
387,Good,86,52.6,151.4,166.7,0.685,0.058,0.029,2.676,0.713,0.178,0.094,0.701,1.37,0.857,mixed,dark,mature,10,73,Suitable
1109,Poor,39,32.2,80.7,108.4,0.093,0.579,0.298,5.784,0.293,0.122,0.499,0.538,0.79,0.652,mixed,white,young,65,44,Unsuitable
560,Good,79,57.0,168.9,149.4,0.682,0.101,0.039,2.024,0.743,0.101,0.083,0.862,0.814,0.87,bright,field,young,17,74,Suitable
947,Poor,14,25.1,63.8,141.1,0.279,0.453,0.218,8.144,0.476,0.069,0.528,0.318,1.697,0.599,mixed,white,young,69,36,Unsuitable
265,Excellent,88,53.8,190.2,125.4,0.875,0.035,0.008,1.956,0.895,0.214,0.08,0.808,1.192,0.987,mixed,field,mature,4,87,Suitable
226,Excellent,93,52.9,189.4,116.3,0.838,0.048,0.005,1.437,0.826,0.245,0.048,0.761,1.228,0.971,mixed,dark,mature,1,86,Suitable
176,Excellent,100,61.6,142.3,114.0,0.662,0.004,0.009,1.505,0.945,0.205,0.045,0.781,0.885,0.917,mixed,white,mature,2,83,Suitable
61,Excellent,90,60.8,188.4,158.9,0.839,0.043,0.008,1.057,0.885,0.309,0.031,0.711,0.956,0.924,mixed,white,mature,8,80,Suitable
255,Excellent,100,66.9,154.3,157.7,0.892,0.003,0.009,0.905,0.858,0.3,0.038,0.848,1.069,0.901,mixed,field,mature,8,81,Suitable
799,Moderate,57,36.9,142.2,153.9,0.579,0.187,0.077,6.036,0.518,0.116,0.207,0.654,1.559,0.716,mixed,white,old,43,48,Marginal
355,Good,79,71.1,118.1,149.1,0.529,0.123,0.042,3.573,0.784,0.103,0.121,0.7,1.055,0.847,bright,mixed,young,7,73,Suitable
330,Good,70,62.5,146.7,106.2,0.718,0.088,0.045,3.787,0.793,0.124,0.065,0.733,1.325,0.908,dim,mixed,mature,13,84,Suitable
739,Moderate,49,30.2,134.4,173.6,0.455,0.112,0.067,6.521,0.454,0.082,0.273,0.537,0.823,0.761,mixed,white,mature,43,56,Marginal
242,Excellent,92,63.2,186.9,124.8,0.662,0.009,0.017,0.978,0.91,0.252,0.054,0.854,0.873,0.932,bright,dark,mature,3,80,Suitable
181,Excellent,94,58.8,177.7,135.3,0.661,0.027,0.007,0.868,0.858,0.197,0.055,0.706,1.202,0.909,mixed,white,mature,6,82,Suitable
957,Poor,8,21.4,111.6,167.0,0.17,0.442,0.338,5.717,0.316,0.104,0.455,0.364,1.235,0.734,bright,mixed,young,50,48,Unsuitable
291,Excellent,100,58.7,144.3,151.5,0.868,0.044,0.002,1.936,0.879,0.297,0.032,0.801,1.196,0.986,bright,white,mature,4,87,Suitable
493,Good,75,63.6,109.5,109.4,0.579,0.062,0.05,3.308,0.641,0.228,0.055,0.627,1.139,0.864,dim,dark,young,18,69,Suitable
437,Good,82,46.3,124.7,99.7,0.675,0.054,0.019,3.411,0.677,0.259,0.083,0.785,1.003,0.908,bright,field,young,11,74,Suitable
930,Poor,19,18.2,50.1,209.9,0.079,0.497,0.403,9.123,0.447,0.078,0.398,0.549,1.238,0.706,mixed,mixed,young,54,24,Unsuitable
710,Moderate,53,60.5,118.1,102.7,0.515,0.272,0.122,4.305,0.658,0.18,0.185,0.778,1.273,0.731,bright,dark,young,30,54,Marginal
327,Good,84,72.0,130.8,148.8,0.576,0.048,0.032,1.5,0.608,0.133,0.103,0.771,0.803,0.864,mixed,mixed,young,12,69,Suitable
738,Moderate,68,66.8,96.8,179.9,0.481,0.208,0.109,3.061,0.499,0.178,0.27,0.747,0.983,0.713,mixed,field,young,28,62,Marginal
1087,Poor,13,27.5,54.8,78.2,0.167,0.322,0.462,10.277,0.4,0.052,0.357,0.335,1.798,0.569,mixed,white,young,64,38,Unsuitable
825,Moderate,60,58.4,109.2,181.0,0.452,0.11,0.14,5.385,0.56,0.17,0.111,0.769,0.865,0.812,mixed,white,mature,45,58,Marginal
264,Excellent,99,56.4,176.2,148.9,0.874,0.03,0.009,0.826,0.883,0.261,0.043,0.804,1.206,0.938,bright,dark,mature,5,92,Suitable
47,Excellent,90,66.3,171.3,119.4,0.768,0.047,0.012,1.254,0.882,0.173,0.028,0.835,0.956,0.937,mixed,dark,mature,4,78,Suitable
371,Good,84,65.3,176.8,129.1,0.53,0.127,0.032,2.683,0.756,0.15,0.09,0.759,0.795,0.882,bright,field,young,18,67,Suitable
961,Poor,28,16.7,116.0,208.6,0.269,0.334,0.308,5.975,0.288,0.11,0.422,0.388,0.544,0.526,bright,mixed,old,59,23,Unsuitable
1107,Poor,15,17.9,100.7,116.5,0.295,0.48,0.175,7.453,0.342,0.095,0.392,0.387,1.347,0.595,bright,white,young,57,50,Unsuitable
1122,Poor,41,39.6,91.9,103.5,0.147,0.386,0.417,10.123,0.261,0.093,0.5,0.326,1.422,0.664,dim,field,old,51,50,Unsuitable
995,Poor,12,35.2,41.6,204.8,0.172,0.393,0.385,6.763,0.491,0.056,0.548,0.555,0.596,0.625,dim,field,old,40,31,Unsuitable
672,Moderate,54,59.8,122.8,197.5,0.568,0.262,0.058,6.47,0.679,0.153,0.22,0.534,0.915,0.744,dim,white,mature,36,59,Marginal
597,Good,74,48.8,119.1,180.4,0.523,0.058,0.027,2.257,0.725,0.272,0.066,0.653,1.18,0.948,dim,field,mature,12,66,Suitable
956,Poor,33,32.5,80.9,202.2,0.131,0.397,0.422,11.814,0.425,0.133,0.443,0.528,1.363,0.539,bright,white,young,53,36,Unsuitable
1007,Poor,40,36.1,49.4,161.7,0.128,0.424,0.333,5.154,0.519,0.041,0.515,0.346,1.225,0.601,bright,dark,old,84,34,Unsuitable
802,Moderate,56,49.4,93.8,145.9,0.399,0.127,0.165,2.645,0.615,0.168,0.104,0.624,0.843,0.706,mixed,dark,mature,18,55,Marginal
1044,Poor,13,24.9,33.4,87.4,0.171,0.397,0.383,7.539,0.517,0.097,0.369,0.635,1.666,0.529,mixed,field,young,76,29,Unsuitable
444,Good,76,60.2,179.9,180.1,0.66,0.052,0.027,1.418,0.719,0.117,0.051,0.863,1.2,0.946,mixed,white,young,10,82,Suitable
39,Excellent,90,52.5,157.4,113.5,0.865,0.001,0.001,1.956,0.901,0.254,0.064,0.888,0.967,0.914,mixed,mixed,mature,7,81,Suitable
1020,Poor,33,19.0,66.5,90.9,0.24,0.418,0.191,7.174,0.324,0.12,0.305,0.353,1.269,0.657,mixed,dark,young,67,24,Unsuitable
124,Excellent,97,58.9,132.0,178.6,0.747,0.006,0.012,1.822,0.944,0.211,0.036,0.799,1.027,0.946,bright,mixed,mature,7,84,Suitable
836,Moderate,56,76.1,95.7,121.4,0.302,0.156,0.044,4.315,0.614,0.077,0.235,0.679,1.257,0.73,mixed,white,old,40,65,Marginal
12,Excellent,94,62.4,161.1,142.2,0.781,0.014,0.002,0.821,0.751,0.169,0.047,0.773,1.073,0.975,mixed,field,mature,2,78,Suitable
92,Excellent,92,67.1,186.9,113.4,0.653,0.025,0.019,1.443,0.911,0.342,0.029,0.836,0.931,0.917,bright,white,mature,7,86,Suitable
917,Poor,25,43.3,37.1,64.8,0.186,0.382,0.383,9.032,0.478,0.107,0.472,0.324,0.503,0.76,bright,field,old,86,18,Unsuitable
406,Good,81,64.7,101.6,96.0,0.565,0.137,0.035,3.033,0.647,0.135,0.127,0.8,1.33,0.92,dim,field,mature,22,72,Suitable
1000,Poor,28,27.8,101.4,157.0,0.05,0.49,0.41,7.704,0.48,0.053,0.384,0.583,0.698,0.625,bright,field,old,90,36,Unsuitable
1039,Poor,46,41.4,111.7,79.1,0.138,0.391,0.421,5.208,0.495,0.111,0.444,0.371,0.542,0.66,dim,dark,young,54,17,Unsuitable
93,Excellent,97,55.1,189.8,117.4,0.862,0.039,0.005,1.902,0.827,0.192,0.058,0.725,1.149,0.981,bright,white,mature,7,87,Suitable
147,Excellent,95,67.7,152.1,104.7,0.712,0.015,0.011,0.732,0.933,0.212,0.065,0.784,0.85,0.911,mixed,white,mature,7,91,Suitable
122,Excellent,88,57.8,178.4,139.2,0.751,0.014,0.014,0.752,0.94,0.17,0.039,0.897,0.998,0.958,mixed,dark,mature,7,84,Suitable
586,Good,80,77.9,113.9,163.2,0.567,0.041,0.03,1.755,0.653,0.228,0.077,0.736,1.403,0.925,bright,dark,young,9,68,Suitable
284,Excellent,91,52.2,187.7,179.9,0.897,0.004,0.02,0.661,0.819,0.177,0.053,0.739,1.197,0.985,bright,mixed,mature,8,87,Suitable
314,Good,86,72.0,175.0,175.0,0.666,0.053,0.01,2.061,0.727,0.182,0.065,0.6,1.395,0.822,mixed,mixed,young,11,70,Suitable
919,Poor,28,28.9,95.0,102.3,0.094,0.484,0.372,9.039,0.376,0.1,0.272,0.385,1.128,0.731,bright,field,young,69,46,Unsuitable
498,Good,71,52.4,167.0,155.5,0.7,0.122,0.053,3.42,0.725,0.21,0.088,0.727,1.173,0.859,bright,mixed,mature,9,80,Suitable
875,Moderate,57,79.1,83.0,173.3,0.363,0.106,0.044,3.186,0.563,0.088,0.226,0.698,0.72,0.706,mixed,field,mature,40,58,Marginal
484,Good,89,67.2,157.6,110.1,0.531,0.077,0.051,1.26,0.62,0.137,0.097,0.791,1.352,0.861,dim,dark,mature,22,66,Suitable
313,Good,79,46.5,130.1,113.1,0.654,0.089,0.017,2.331,0.626,0.101,0.072,0.763,1.278,0.844,dim,dark,young,9,84,Suitable
684,Moderate,65,69.3,91.0,130.4,0.49,0.206,0.138,3.925,0.543,0.156,0.149,0.509,1.383,0.82,mixed,field,mature,32,52,Marginal
180,Excellent,92,55.5,165.2,111.2,0.866,0.014,0.011,1.186,0.882,0.154,0.073,0.868,0.962,0.92,bright,dark,mature,0,90,Suitable
734,Moderate,65,31.1,70.7,145.1,0.473,0.205,0.142,3.974,0.528,0.072,0.14,0.743,1.466,0.763,bright,white,mature,38,65,Marginal
1157,Poor,19,24.9,104.5,211.1,0.195,0.456,0.299,5.911,0.296,0.052,0.34,0.512,0.661,0.713,mixed,dark,old,71,24,Unsuitable
103,Excellent,91,59.4,185.4,101.8,0.796,0.014,0.008,1.079,0.874,0.282,0.059,0.844,0.923,0.942,mixed,field,mature,1,92,Suitable
89,Excellent,92,65.9,146.0,140.7,0.882,0.042,0.012,1.083,0.919,0.243,0.021,0.866,1.1,0.925,mixed,white,mature,4,84,Suitable
449,Good,72,68.3,128.0,173.7,0.667,0.083,0.014,2.079,0.817,0.165,0.09,0.759,1.234,0.886,mixed,white,young,9,81,Suitable
668,Moderate,65,70.3,103.6,189.8,0.501,0.239,0.052,4.138,0.593,0.182,0.1,0.674,1.335,0.757,mixed,dark,mature,35,61,Marginal
989,Poor,20,19.9,111.9,126.8,0.05,0.396,0.252,12.432,0.453,0.09,0.34,0.389,0.509,0.704,mixed,field,young,56,33,Unsuitable
942,Poor,13,20.6,86.8,154.9,0.071,0.283,0.39,12.311,0.385,0.124,0.493,0.34,0.647,0.515,bright,mixed,young,53,33,Unsuitable
108,Excellent,91,60.6,182.4,128.8,0.841,0.032,0.004,1.767,0.928,0.29,0.075,0.863,1.12,0.944,mixed,dark,mature,8,86,Suitable
997,Poor,37,43.1,115.9,168.2,0.093,0.595,0.22,6.382,0.462,0.074,0.351,0.499,0.556,0.757,mixed,field,young,60,24,Unsuitable
772,Moderate,61,44.4,146.2,176.2,0.461,0.21,0.107,4.408,0.501,0.128,0.106,0.663,1.112,0.791,mixed,white,old,29,59,Marginal
480,Good,83,58.1,174.5,173.0,0.506,0.108,0.057,1.749,0.701,0.132,0.074,0.67,1.326,0.938,bright,field,young,9,71,Suitable
966,Poor,25,39.8,50.8,105.6,0.085,0.412,0.344,6.754,0.497,0.061,0.318,0.409,1.678,0.589,bright,dark,old,51,41,Unsuitable
1115,Poor,23,28.8,69.0,101.5,0.08,0.376,0.357,6.581,0.301,0.131,0.238,0.587,0.97,0.586,dim,white,old,54,38,Unsuitable
924,Poor,18,32.3,117.2,135.2,0.199,0.276,0.479,8.921,0.303,0.082,0.298,0.495,0.517,0.629,bright,white,old,76,20,Unsuitable
744,Moderate,68,38.9,131.7,95.0,0.395,0.241,0.168,4.481,0.656,0.121,0.205,0.678,1.48,0.801,dim,field,young,31,46,Marginal
400,Good,86,64.9,154.8,126.5,0.517,0.066,0.022,2.954,0.702,0.128,0.137,0.77,1.055,0.861,dim,white,mature,6,72,Suitable
1135,Poor,29,30.2,104.1,182.1,0.061,0.588,0.284,12.303,0.422,0.128,0.388,0.397,0.936,0.608,dim,white,young,63,32,Unsuitable
363,Good,82,66.6,136.4,139.3,0.675,0.103,0.024,2.231,0.697,0.248,0.122,0.657,1.274,0.899,dim,white,mature,9,79,Suitable
123,Excellent,85,59.3,177.4,156.9,0.781,0.025,0.007,1.67,0.904,0.254,0.069,0.829,1.167,0.987,bright,white,mature,7,85,Suitable
979,Poor,32,17.5,57.2,131.8,0.108,0.533,0.309,5.022,0.318,0.106,0.464,0.411,1.449,0.611,dim,field,young,70,19,Unsuitable
850,Moderate,58,75.9,112.0,82.0,0.559,0.243,0.148,3.801,0.467,0.104,0.167,0.587,1.309,0.756,dim,white,young,34,49,Marginal
774,Moderate,48,30.9,116.3,163.1,0.412,0.117,0.16,5.672,0.536,0.097,0.252,0.775,0.799,0.793,mixed,mixed,old,18,45,Marginal
1047,Poor,24,18.8,66.4,162.5,0.197,0.522,0.237,12.258,0.399,0.044,0.441,0.558,1.488,0.635,dim,white,young,53,18,Unsuitable
478,Good,73,72.2,125.2,137.7,0.614,0.15,0.014,2.463,0.76,0.25,0.125,0.72,0.86,0.935,mixed,dark,young,18,82,Suitable
856,Moderate,47,41.3,103.0,184.1,0.49,0.292,0.126,6.709,0.631,0.096,0.148,0.504,1.415,0.83,dim,white,old,29,50,Marginal
78,Excellent,94,70.5,176.6,137.7,0.735,0.013,0.018,0.585,0.829,0.343,0.069,0.721,1.049,0.971,mixed,mixed,mature,8,80,Suitable
1070,Poor,22,41.8,59.6,102.7,0.194,0.359,0.16,11.568,0.426,0.113,0.531,0.56,1.675,0.654,dim,field,old,52,42,Unsuitable
585,Good,80,49.7,109.8,132.6,0.736,0.1,0.032,2.159,0.777,0.189,0.131,0.793,1.023,0.943,mixed,dark,mature,17,69,Suitable
517,Good,75,61.7,162.8,161.5,0.523,0.045,0.042,3.774,0.736,0.149,0.097,0.828,1.199,0.823,bright,field,mature,19,77,Suitable
1030,Poor,21,33.9,104.9,196.4,0.057,0.403,0.477,9.286,0.385,0.128,0.345,0.592,0.509,0.681,mixed,white,young,80,39,Unsuitable
954,Poor,15,15.8,101.2,144.6,0.219,0.476,0.255,9.615,0.508,0.116,0.508,0.588,1.323,0.713,mixed,field,young,85,33,Unsuitable
953,Poor,26,15.8,39.9,154.8,0.243,0.474,0.233,10.453,0.365,0.104,0.451,0.647,1.664,0.676,mixed,mixed,old,51,42,Unsuitable
929,Poor,26,25.1,110.0,173.6,0.321,0.266,0.238,7.122,0.283,0.064,0.371,0.533,0.539,0.563,dim,mixed,old,65,23,Unsuitable
1178,Poor,10,34.9,89.3,172.6,0.062,0.502,0.286,6.669,0.263,0.081,0.464,0.499,1.462,0.699,dim,mixed,young,51,19,Unsuitable
351,Good,84,73.2,160.8,104.8,0.744,0.083,0.032,3.022,0.71,0.274,0.109,0.67,1.028,0.908,bright,field,young,19,75,Suitable
943,Poor,36,44.1,65.9,150.8,0.299,0.26,0.391,8.477,0.27,0.044,0.535,0.582,1.075,0.716,mixed,white,old,74,16,Unsuitable
1155,Poor,8,25.3,111.7,207.5,0.076,0.53,0.327,5.396,0.251,0.112,0.226,0.424,1.701,0.745,bright,white,old,90,40,Unsuitable
1014,Poor,19,35.6,110.6,188.8,0.077,0.455,0.418,12.701,0.409,0.08,0.498,0.434,1.543,0.537,dim,dark,young,56,24,Unsuitable
417,Good,71,62.2,160.4,132.8,0.699,0.061,0.056,1.329,0.703,0.155,0.078,0.817,1.13,0.821,dim,mixed,young,18,73,Suitable
859,Moderate,46,48.4,100.0,141.6,0.512,0.231,0.15,6.76,0.494,0.137,0.123,0.535,0.797,0.851,bright,mixed,young,35,56,Marginal
359,Good,82,63.0,165.2,123.3,0.633,0.097,0.058,2.142,0.683,0.104,0.062,0.66,1.333,0.903,dim,mixed,mature,13,76,Suitable
467,Good,71,61.1,146.2,141.6,0.69,0.052,0.056,3.009,0.679,0.251,0.076,0.661,0.866,0.834,dim,white,mature,9,82,Suitable
1165,Poor,26,26.0,96.8,140.6,0.121,0.457,0.372,11.594,0.373,0.059,0.411,0.42,1.711,0.629,mixed,white,old,83,37,Unsuitable
692,Moderate,63,73.5,141.0,113.3,0.597,0.142,0.152,4.829,0.48,0.137,0.113,0.568,0.797,0.724,mixed,white,old,31,48,Marginal
1016,Poor,14,25.1,59.4,213.7,0.233,0.413,0.304,8.132,0.411,0.096,0.452,0.321,1.057,0.505,mixed,mixed,old,79,47,Unsuitable
691,Moderate,56,56.4,129.1,98.0,0.306,0.202,0.112,2.581,0.54,0.113,0.105,0.696,1.546,0.847,dim,field,mature,21,60,Marginal
797,Moderate,66,40.3,135.7,168.0,0.467,0.166,0.11,3.98,0.455,0.137,0.207,0.77,1.453,0.727,bright,field,young,21,59,Marginal
750,Moderate,46,56.4,144.4,123.6,0.575,0.137,0.057,3.839,0.537,0.108,0.152,0.725,1.375,0.851,dim,dark,old,19,59,Marginal
414,Good,77,76.6,107.4,114.3,0.57,0.123,0.024,1.743,0.738,0.226,0.105,0.828,0.932,0.832,mixed,field,mature,13,70,Suitable
101,Excellent,97,64.5,145.1,130.6,0.792,0.022,0.006,1.992,0.834,0.215,0.077,0.731,1.031,0.924,mixed,dark,mature,8,78,Suitable
872,Moderate,60,77.1,137.6,86.3,0.457,0.249,0.151,4.766,0.455,0.136,0.14,0.755,1.388,0.711,bright,field,old,31,51,Marginal
1186,Poor,35,34.4,45.2,218.2,0.237,0.428,0.285,8.065,0.404,0.09,0.479,0.434,0.509,0.599,dim,mixed,old,63,40,Unsuitable
1053,Poor,15,28.8,103.3,65.7,0.282,0.466,0.202,10.599,0.331,0.129,0.256,0.465,1.218,0.703,bright,white,young,62,17,Unsuitable
813,Moderate,60,76.8,109.6,186.5,0.432,0.19,0.068,3.943,0.471,0.176,0.213,0.691,0.761,0.846,bright,field,old,23,68,Marginal
157,Excellent,95,59.8,183.9,116.6,0.864,0.029,0.017,1.554,0.935,0.182,0.049,0.733,1.28,0.955,bright,mixed,mature,1,81,Suitable
525,Good,73,50.3,167.9,119.3,0.567,0.11,0.013,1.231,0.783,0.223,0.118,0.642,0.829,0.833,mixed,mixed,young,14,68,Suitable
228,Excellent,90,53.2,131.9,160.1,0.748,0.027,0.009,1.672,0.775,0.328,0.057,0.711,1.103,0.987,mixed,white,mature,6,83,Suitable
762,Moderate,62,30.6,113.7,121.9,0.546,0.114,0.109,3.799,0.489,0.137,0.227,0.727,0.842,0.721,dim,mixed,mature,38,56,Marginal
933,Poor,42,28.4,32.5,77.3,0.215,0.393,0.342,10.273,0.405,0.074,0.339,0.387,1.652,0.58,bright,field,young,82,33,Unsuitable
1074,Poor,42,25.6,42.8,149.5,0.117,0.48,0.353,10.605,0.496,0.077,0.449,0.38,0.579,0.659,mixed,field,old,82,31,Unsuitable
552,Good,80,70.8,104.6,156.8,0.665,0.147,0.056,3.871,0.734,0.159,0.121,0.708,1.3,0.832,bright,dark,mature,8,85,Suitable
863,Moderate,51,68.9,137.6,199.8,0.406,0.178,0.076,5.634,0.57,0.075,0.144,0.719,0.923,0.869,dim,field,mature,21,49,Marginal
682,Moderate,56,55.7,123.3,193.4,0.564,0.167,0.054,6.58,0.46,0.088,0.2,0.568,1.539,0.809,dim,field,young,19,69,Marginal
524,Good,81,58.9,129.4,149.2,0.673,0.129,0.035,2.797,0.607,0.231,0.092,0.627,1.286,0.898,dim,dark,mature,15,66,Suitable
1110,Poor,15,27.3,33.1,124.7,0.29,0.428,0.234,12.098,0.31,0.139,0.503,0.351,0.624,0.714,dim,field,old,59,25,Unsuitable
1075,Poor,42,23.1,66.3,144.3,0.105,0.411,0.335,11.098,0.393,0.087,0.268,0.59,1.053,0.536,mixed,field,old,49,18,Unsuitable
598,Good,75,54.3,146.7,98.4,0.67,0.064,0.031,2.686,0.61,0.271,0.135,0.726,0.865,0.925,mixed,white,young,13,78,Suitable
1085,Poor,36,40.5,102.5,113.7,0.071,0.256,0.385,7.448,0.338,0.081,0.257,0.557,1.489,0.589,dim,dark,young,45,50,Unsuitable
251,Excellent,91,56.7,173.4,118.2,0.676,0.038,0.006,1.891,0.784,0.196,0.079,0.759,0.812,0.974,mixed,white,mature,7,79,Suitable
822,Moderate,58,61.2,91.9,121.0,0.424,0.169,0.095,3.061,0.63,0.096,0.254,0.576,1.465,0.864,mixed,field,old,42,53,Marginal
54,Excellent,88,69.5,168.8,138.9,0.799,0.006,0.007,0.724,0.843,0.321,0.026,0.92,1.198,0.938,bright,mixed,mature,2,79,Suitable
482,Good,80,61.7,127.2,133.2,0.632,0.097,0.03,2.705,0.698,0.239,0.095,0.625,0.768,0.917,bright,dark,mature,5,83,Suitable
561,Good,83,71.5,163.8,94.9,0.589,0.077,0.033,2.255,0.73,0.263,0.082,0.631,0.797,0.83,bright,field,young,17,82,Suitable
412,Good,83,49.2,177.5,185.8,0.633,0.141,0.04,1.236,0.805,0.146,0.128,0.712,1.129,0.88,bright,dark,mature,6,83,Suitable
987,Poor,9,30.4,114.5,70.4,0.214,0.26,0.229,6.454,0.313,0.089,0.243,0.368,0.582,0.553,mixed,dark,old,64,31,Unsuitable
389,Good,75,60.6,136.3,144.6,0.595,0.068,0.052,2.261,0.612,0.235,0.117,0.62,1.357,0.926,dim,field,mature,12,66,Suitable
520,Good,71,74.3,148.5,115.2,0.664,0.041,0.044,2.636,0.725,0.153,0.13,0.681,1.127,0.946,bright,mixed,mature,20,71,Suitable
453,Good,77,46.7,118.8,110.5,0.626,0.07,0.053,2.802,0.7,0.23,0.096,0.793,1.169,0.886,dim,mixed,mature,11,78,Suitable
1009,Poor,37,17.3,71.4,90.8,0.194,0.471,0.206,9.177,0.501,0.093,0.307,0.301,0.701,0.667,mixed,mixed,old,58,31,Unsuitable
879,Moderate,60,57.8,131.1,98.9,0.409,0.24,0.16,5.959,0.47,0.157,0.193,0.715,1.347,0.847,bright,white,young,35,47,Marginal
1121,Poor,27,17.8,58.9,190.1,0.129,0.334,0.356,8.194,0.513,0.107,0.454,0.389,1.308,0.754,mixed,field,old,76,26,Unsuitable
776,Moderate,44,31.4,138.3,110.1,0.312,0.188,0.157,5.821,0.679,0.179,0.147,0.547,0.83,0.778,dim,white,young,25,49,Marginal
654,Moderate,70,30.0,140.9,157.0,0.543,0.171,0.174,6.59,0.495,0.117,0.248,0.582,1.512,0.796,mixed,white,mature,27,63,Marginal
175,Excellent,93,57.1,142.2,117.3,0.721,0.044,0.006,1.295,0.885,0.195,0.057,0.819,1.16,0.938,bright,field,mature,1,80,Suitable
320,Good,77,56.3,168.2,178.0,0.746,0.075,0.052,3.835,0.67,0.163,0.064,0.609,1.33,0.942,bright,mixed,young,7,71,Suitable
559,Good,83,67.8,125.0,165.1,0.691,0.137,0.01,2.64,0.631,0.243,0.1,0.766,0.808,0.941,bright,mixed,young,22,80,Suitable
609,Moderate,68,46.7,123.5,84.3,0.358,0.108,0.106,6.236,0.548,0.163,0.102,0.73,1.53,0.76,mixed,white,young,44,47,Marginal
318,Good,77,54.8,179.5,177.4,0.588,0.143,0.02,2.33,0.734,0.229,0.114,0.797,1.398,0.839,bright,white,mature,22,66,Suitable
679,Moderate,67,46.2,128.4,148.8,0.443,0.3,0.12,6.362,0.625,0.12,0.161,0.596,0.84,0.832,dim,mixed,old,37,65,Marginal
747,Moderate,62,47.8,149.2,183.1,0.455,0.15,0.075,3.364,0.663,0.07,0.169,0.523,0.765,0.798,dim,field,young,44,69,Marginal
851,Moderate,49,43.9,104.3,100.3,0.351,0.223,0.084,5.124,0.646,0.099,0.222,0.653,0.805,0.707,mixed,field,old,29,69,Marginal
494,Good,87,76.4,130.9,132.5,0.65,0.129,0.037,3.278,0.717,0.199,0.139,0.855,1.006,0.935,mixed,field,mature,17,74,Suitable
1019,Poor,34,21.5,96.2,68.2,0.284,0.276,0.246,13.951,0.333,0.129,0.284,0.3,0.623,0.601,dim,mixed,young,64,47,Unsuitable
1064,Poor,21,39.5,97.5,136.3,0.179,0.382,0.212,13.262,0.432,0.074,0.264,0.562,1.517,0.746,mixed,field,young,60,41,Unsuitable
572,Good,79,46.0,130.2,132.2,0.63,0.144,0.019,1.494,0.641,0.135,0.082,0.8,1.445,0.873,mixed,mixed,mature,5,85,Suitable
988,Poor,39,35.0,67.1,204.9,0.093,0.425,0.256,6.766,0.509,0.084,0.441,0.614,1.449,0.613,dim,dark,old,44,15,Unsuitable
425,Good,83,51.4,140.4,110.4,0.549,0.085,0.011,1.944,0.779,0.135,0.077,0.777,0.904,0.864,mixed,mixed,mature,6,69,Suitable
241,Excellent,95,67.7,179.6,155.7,0.867,0.036,0.018,0.778,0.773,0.265,0.059,0.861,1.111,0.938,mixed,dark,mature,3,89,Suitable
67,Excellent,93,68.8,170.3,139.4,0.821,0.034,0.001,1.477,0.925,0.19,0.076,0.822,1.062,0.972,bright,white,mature,8,91,Suitable
871,Moderate,68,76.3,124.0,153.3,0.515,0.278,0.157,3.74,0.67,0.132,0.161,0.63,1.205,0.805,mixed,white,mature,21,51,Marginal
440,Good,89,75.5,143.2,179.7,0.747,0.102,0.033,2.445,0.695,0.204,0.053,0.83,1.084,0.825,dim,white,young,17,77,Suitable
184,Excellent,89,56.2,134.5,177.0,0.738,0.031,0.006,0.988,0.865,0.27,0.049,0.819,1.017,0.94,bright,mixed,mature,3,81,Suitable
1128,Poor,22,25.5,114.3,162.4,0.229,0.5,0.22,12.272,0.509,0.126,0.254,0.551,1.367,0.676,dim,mixed,young,85,15,Unsuitable
801,Moderate,67,37.6,148.0,198.9,0.526,0.226,0.163,3.364,0.664,0.185,0.242,0.604,1.331,0.752,dim,field,young,44,49,Marginal
94,Excellent,96,59.4,196.8,168.7,0.84,0.014,0.009,1.685,0.946,0.229,0.028,0.777,0.886,0.948,bright,field,mature,0,90,Suitable
614,Moderate,66,57.2,118.6,121.0,0.56,0.238,0.147,2.681,0.555,0.158,0.197,0.686,1.04,0.823,dim,dark,young,18,51,Marginal
80,Excellent,100,69.9,195.6,156.3,0.728,0.032,0.001,0.941,0.831,0.254,0.077,0.852,0.813,0.979,mixed,white,mature,5,78,Suitable
701,Moderate,45,65.9,130.6,169.8,0.449,0.103,0.041,4.303,0.531,0.157,0.253,0.588,1.185,0.77,dim,dark,young,45,55,Marginal
262,Excellent,89,69.7,161.4,146.8,0.813,0.031,0.016,0.982,0.913,0.252,0.048,0.919,0.843,0.987,bright,white,mature,2,91,Suitable
533,Good,72,45.9,112.6,115.8,0.533,0.06,0.029,1.513,0.602,0.138,0.058,0.629,1.021,0.91,dim,dark,mature,16,78,Suitable
593,Good,77,71.2,151.4,104.1,0.677,0.096,0.022,2.341,0.812,0.167,0.122,0.763,0.909,0.895,dim,mixed,mature,18,67,Suitable
1130,Poor,24,20.9,33.0,62.4,0.169,0.277,0.42,13.143,0.428,0.116,0.437,0.476,0.855,0.566,dim,field,old,53,25,Unsuitable
326,Good,72,68.4,108.7,132.1,0.631,0.094,0.043,2.945,0.65,0.242,0.061,0.65,1.294,0.944,dim,mixed,mature,9,83,Suitable
720,Moderate,56,63.6,114.7,114.3,0.414,0.164,0.096,3.142,0.457,0.126,0.213,0.706,1.431,0.738,bright,white,mature,34,55,Marginal
606,Moderate,52,75.2,83.2,161.5,0.332,0.185,0.084,3.142,0.458,0.092,0.204,0.589,0.762,0.766,mixed,white,young,25,48,Marginal
149,Excellent,99,69.3,192.0,101.0,0.763,0.045,0.002,1.202,0.776,0.297,0.07,0.878,0.942,0.979,mixed,field,mature,0,82,Suitable
1196,Poor,30,37.8,97.6,177.2,0.155,0.256,0.448,8.973,0.479,0.118,0.302,0.612,0.753,0.635,dim,white,old,41,36,Unsuitable
16,Excellent,94,53.2,180.1,170.3,0.72,0.017,0.015,1.654,0.933,0.209,0.045,0.829,0.81,0.986,bright,white,mature,3,86,Suitable
62,Excellent,95,60.3,163.5,150.8,0.687,0.0,0.016,0.642,0.776,0.188,0.078,0.802,1.111,0.919,mixed,white,mature,2,90,Suitable
821,Moderate,58,77.9,145.6,157.6,0.465,0.295,0.054,3.082,0.605,0.083,0.187,0.679,0.834,0.707,bright,mixed,old,42,64,Marginal
764,Moderate,58,69.3,88.7,139.4,0.311,0.259,0.098,6.163,0.499,0.155,0.24,0.507,0.953,0.784,bright,dark,old,26,64,Marginal
793,Moderate,62,76.7,90.9,193.2,0.303,0.254,0.101,3.528,0.469,0.17,0.259,0.683,0.963,0.767,bright,dark,mature,23,59,Marginal
1179,Poor,38,36.2,72.9,134.2,0.133,0.484,0.306,7.015,0.317,0.109,0.403,0.32,1.74,0.558,dim,white,young,65,16,Unsuitable
898,Moderate,58,55.2,148.1,84.0,0.524,0.121,0.098,4.688,0.66,0.155,0.224,0.743,1.551,0.777,bright,field,old,41,68,Marginal
169,Excellent,93,63.7,136.4,101.7,0.739,0.021,0.012,1.332,0.831,0.217,0.053,0.904,1.147,0.907,bright,dark,mature,5,85,Suitable
19,Excellent,89,61.4,197.9,154.3,0.866,0.046,0.018,1.099,0.945,0.34,0.034,0.882,0.972,0.918,mixed,mixed,mature,5,85,Suitable
1129,Poor,44,41.9,68.1,66.1,0.055,0.466,0.21,5.795,0.445,0.094,0.441,0.47,1.541,0.594,mixed,white,young,45,46,Unsuitable
532,Good,81,46.4,150.2,168.9,0.692,0.08,0.024,3.223,0.691,0.149,0.09,0.716,0.808,0.865,bright,mixed,young,21,83,Suitable
823,Moderate,67,64.7,105.8,123.0,0.508,0.276,0.165,3.624,0.653,0.169,0.264,0.581,1.485,0.848,bright,white,old,34,62,Marginal
405,Good,77,55.4,122.5,155.4,0.544,0.044,0.045,3.181,0.654,0.243,0.096,0.853,0.938,0.949,dim,dark,young,13,73,Suitable
256,Excellent,96,55.6,177.4,178.9,0.865,0.011,0.012,1.542,0.76,0.316,0.047,0.701,1.139,0.963,bright,dark,mature,5,87,Suitable
742,Moderate,62,30.6,132.7,96.3,0.478,0.287,0.06,6.358,0.533,0.169,0.235,0.512,0.921,0.733,mixed,mixed,mature,41,51,Marginal
418,Good,77,67.2,106.5,139.1,0.604,0.104,0.04,2.967,0.793,0.103,0.129,0.771,1.285,0.93,mixed,dark,mature,15,80,Suitable
948,Poor,39,36.5,118.4,67.1,0.241,0.355,0.355,13.092,0.258,0.08,0.294,0.528,0.549,0.535,mixed,mixed,young,79,32,Unsuitable
431,Good,82,66.5,128.6,149.0,0.702,0.06,0.018,2.231,0.815,0.184,0.146,0.816,1.261,0.886,mixed,field,young,19,71,Suitable
708,Moderate,45,76.3,120.2,176.8,0.437,0.205,0.107,6.752,0.523,0.193,0.254,0.54,1.183,0.858,dim,white,young,31,46,Marginal
497,Good,88,46.2,144.1,151.8,0.514,0.046,0.036,3.009,0.776,0.245,0.068,0.603,0.991,0.922,dim,mixed,mature,12,65,Suitable
65,Excellent,89,66.4,163.2,173.7,0.879,0.008,0.009,1.834,0.94,0.293,0.032,0.727,1.284,0.974,mixed,dark,mature,1,85,Suitable
214,Excellent,90,57.0,149.8,127.2,0.855,0.034,0.015,0.568,0.755,0.176,0.028,0.871,0.824,0.977,mixed,white,mature,7,91,Suitable
305,Good,84,68.0,177.6,95.2,0.572,0.049,0.045,2.244,0.631,0.131,0.091,0.747,0.897,0.872,dim,field,mature,19,68,Suitable
763,Moderate,64,71.6,144.3,99.7,0.477,0.226,0.173,5.236,0.52,0.191,0.177,0.509,0.741,0.852,bright,mixed,young,22,55,Marginal
794,Moderate,71,69.8,72.3,156.7,0.431,0.204,0.168,2.593,0.572,0.14,0.214,0.628,1.177,0.744,dim,field,young,34,69,Marginal
59,Excellent,89,67.6,130.7,133.1,0.661,0.001,0.014,1.311,0.859,0.161,0.066,0.795,0.992,0.982,bright,field,mature,4,78,Suitable
1200,Poor,34,40.9,71.4,95.7,0.334,0.305,0.201,12.249,0.353,0.058,0.396,0.313,1.302,0.529,dim,field,young,71,30,Unsuitable
70,Excellent,97,58.3,180.0,158.5,0.852,0.043,0.007,0.633,0.789,0.204,0.025,0.739,1.161,0.92,mixed,mixed,mature,4,87,Suitable
751,Moderate,52,55.0,106.0,115.7,0.587,0.132,0.106,5.416,0.65,0.187,0.239,0.706,0.877,0.804,mixed,dark,young,26,68,Marginal
455,Good,84,56.2,112.2,179.8,0.692,0.098,0.013,2.709,0.66,0.153,0.058,0.608,1.232,0.885,dim,dark,mature,5,81,Suitable
1184,Poor,33,17.9,38.2,101.3,0.174,0.382,0.394,9.811,0.25,0.102,0.357,0.612,0.667,0.584,mixed,white,young,81,32,Unsuitable
685,Moderate,59,31.8,107.2,165.8,0.531,0.262,0.08,3.345,0.484,0.198,0.176,0.779,1.267,0.719,mixed,field,young,35,64,Marginal
1151,Poor,29,30.3,84.0,91.1,0.116,0.413,0.277,11.503,0.431,0.093,0.522,0.313,1.289,0.517,dim,mixed,old,80,36,Unsuitable
630,Moderate,44,41.4,102.4,184.1,0.399,0.282,0.058,3.122,0.657,0.137,0.148,0.703,0.797,0.719,mixed,field,mature,28,50,Marginal
675,Moderate,51,72.5,99.2,198.5,0.339,0.178,0.084,5.839,0.576,0.095,0.276,0.744,1.277,0.853,mixed,field,mature,39,53,Marginal
456,Good,72,70.3,118.0,188.2,0.708,0.044,0.03,1.91,0.791,0.111,0.083,0.617,1.298,0.821,bright,white,mature,10,84,Suitable
4,Excellent,98,68.1,170.3,161.3,0.855,0.048,0.01,1.506,0.893,0.236,0.029,0.895,1.225,0.911,mixed,dark,mature,7,88,Suitable
623,Moderate,58,62.1,110.5,124.5,0.599,0.191,0.071,6.986,0.573,0.147,0.148,0.619,1.122,0.786,bright,field,young,38,50,Marginal
1163,Poor,46,18.7,112.8,175.4,0.17,0.413,0.367,11.675,0.385,0.08,0.269,0.475,0.859,0.739,mixed,mixed,young,64,20,Unsuitable
1057,Poor,14,37.6,72.7,205.7,0.308,0.258,0.269,7.176,0.382,0.119,0.472,0.538,0.501,0.522,bright,dark,young,77,29,Unsuitable
24,Excellent,94,70.2,138.5,141.5,0.857,0.034,0.009,1.378,0.767,0.306,0.025,0.809,0.956,0.968,mixed,mixed,mature,3,80,Suitable
514,Good,82,74.2,103.4,175.7,0.534,0.136,0.013,3.047,0.753,0.231,0.065,0.755,1.2,0.943,mixed,field,young,13,70,Suitable
137,Excellent,94,61.7,135.8,155.4,0.653,0.005,0.003,0.799,0.756,0.338,0.032,0.795,1.196,0.989,mixed,white,mature,7,91,Suitable
384,Good,83,46.6,121.8,113.6,0.545,0.111,0.049,1.98,0.79,0.145,0.062,0.791,1.043,0.936,mixed,mixed,young,7,82,Suitable
479,Good,78,50.1,169.7,114.2,0.523,0.115,0.053,2.164,0.707,0.251,0.147,0.702,1.08,0.822,mixed,dark,young,16,79,Suitable
346,Good,83,62.6,136.8,100.2,0.647,0.133,0.053,2.692,0.653,0.217,0.075,0.725,1.207,0.887,bright,white,mature,22,81,Suitable
55,Excellent,98,62.0,161.4,128.1,0.675,0.002,0.004,1.46,0.801,0.259,0.035,0.724,1.276,0.901,mixed,dark,mature,2,87,Suitable
977,Poor,25,15.4,119.7,191.5,0.198,0.332,0.297,9.209,0.332,0.105,0.512,0.41,1.17,0.712,dim,white,old,66,26,Unsuitable
129,Excellent,89,53.2,187.3,131.1,0.887,0.022,0.009,1.128,0.881,0.228,0.046,0.806,1.274,0.953,bright,white,mature,7,90,Suitable
17,Excellent,87,54.4,138.8,128.3,0.812,0.033,0.001,1.367,0.821,0.227,0.034,0.793,0.91,0.911,mixed,dark,mature,8,78,Suitable
301,Good,79,76.8,167.6,183.1,0.673,0.109,0.049,1.562,0.815,0.149,0.061,0.642,0.988,0.854,mixed,mixed,mature,20,80,Suitable
625,Moderate,52,71.1,91.9,107.3,0.509,0.286,0.048,5.485,0.58,0.09,0.191,0.543,1.586,0.835,mixed,mixed,young,20,54,Marginal
711,Moderate,52,60.0,136.5,155.3,0.314,0.144,0.076,6.297,0.649,0.071,0.259,0.505,1.394,0.701,mixed,white,old,21,45,Marginal
1094,Poor,31,30.2,84.3,128.5,0.188,0.356,0.219,7.293,0.347,0.12,0.35,0.533,1.462,0.741,bright,dark,old,68,33,Unsuitable
312,Good,74,46.8,154.6,166.6,0.582,0.145,0.013,2.942,0.749,0.158,0.102,0.762,1.414,0.879,bright,dark,young,12,70,Suitable
913,Poor,28,30.1,76.2,113.2,0.142,0.501,0.162,9.214,0.379,0.095,0.414,0.581,1.542,0.572,bright,field,young,73,27,Unsuitable
208,Excellent,97,64.0,147.7,173.2,0.84,0.047,0.02,1.81,0.891,0.174,0.024,0.838,1.037,0.924,mixed,dark,mature,2,85,Suitable
965,Poor,36,42.3,41.5,89.1,0.114,0.356,0.385,7.108,0.492,0.115,0.499,0.332,1.29,0.59,dim,dark,young,48,29,Unsuitable
388,Good,84,56.7,135.4,153.2,0.577,0.063,0.037,1.461,0.742,0.108,0.057,0.608,1.441,0.945,mixed,field,young,21,65,Suitable
724,Moderate,54,43.4,111.1,111.4,0.324,0.169,0.147,3.223,0.463,0.141,0.211,0.636,1.278,0.869,dim,field,mature,36,63,Marginal
373,Good,88,60.6,161.2,90.8,0.58,0.14,0.031,2.029,0.694,0.125,0.136,0.64,1.414,0.869,bright,mixed,mature,19,80,Suitable
964,Poor,30,31.2,109.4,104.7,0.072,0.48,0.313,9.049,0.303,0.078,0.314,0.546,0.569,0.541,bright,white,young,62,36,Unsuitable
824,Moderate,54,68.9,133.1,153.9,0.545,0.257,0.149,3.159,0.647,0.108,0.143,0.522,1.365,0.766,dim,field,mature,38,64,Marginal
29,Excellent,93,65.6,169.1,108.6,0.718,0.021,0.004,1.601,0.948,0.348,0.075,0.845,0.971,0.931,mixed,dark,mature,7,82,Suitable
77,Excellent,98,55.5,179.7,113.6,0.799,0.025,0.015,1.845,0.789,0.162,0.028,0.807,1.23,0.946,bright,field,mature,1,83,Suitable
576,Good,73,46.7,109.6,141.8,0.584,0.071,0.024,2.524,0.688,0.175,0.085,0.61,0.837,0.91,dim,mixed,young,12,70,Suitable
628,Moderate,63,45.3,80.2,123.8,0.352,0.154,0.165,5.586,0.52,0.141,0.225,0.541,1.214,0.814,mixed,field,mature,44,48,Marginal
884,Moderate,49,51.5,149.6,173.4,0.554,0.131,0.131,6.823,0.501,0.158,0.235,0.654,1.077,0.791,dim,white,young,29,67,Marginal
549,Good,84,57.2,127.4,106.3,0.704,0.099,0.015,1.58,0.711,0.137,0.119,0.706,1.068,0.896,mixed,mixed,mature,18,85,Suitable
906,Poor,33,25.2,80.2,166.7,0.098,0.453,0.202,11.939,0.427,0.048,0.33,0.371,0.521,0.596,dim,mixed,old,81,50,Unsuitable
358,Good,76,59.1,123.0,106.6,0.503,0.124,0.052,2.541,0.645,0.181,0.072,0.823,0.913,0.949,mixed,dark,mature,11,81,Suitable
603,Moderate,68,41.4,130.3,137.9,0.547,0.285,0.12,5.457,0.665,0.084,0.175,0.534,1.291,0.722,bright,dark,young,21,48,Marginal
173,Excellent,95,67.8,148.5,157.9,0.659,0.024,0.006,0.912,0.857,0.345,0.057,0.914,1.263,0.945,bright,field,mature,2,87,Suitable
729,Moderate,58,37.8,146.0,192.5,0.515,0.267,0.041,3.186,0.567,0.074,0.122,0.531,0.851,0.705,dim,mixed,young,22,60,Marginal
151,Excellent,90,68.6,172.2,175.4,0.745,0.018,0.014,1.125,0.884,0.247,0.055,0.838,1.03,0.925,bright,white,mature,4,81,Suitable
511,Good,72,48.2,126.6,154.6,0.502,0.062,0.028,1.345,0.638,0.103,0.062,0.662,1.351,0.878,bright,white,mature,18,78,Suitable
1031,Poor,19,28.7,35.8,215.2,0.195,0.478,0.277,10.441,0.322,0.097,0.27,0.582,1.292,0.602,bright,mixed,old,53,41,Unsuitable
1073,Poor,37,24.2,82.8,110.8,0.09,0.382,0.294,6.2,0.283,0.074,0.52,0.426,1.213,0.726,dim,dark,young,60,26,Unsuitable
712,Moderate,49,70.9,114.0,159.7,0.497,0.229,0.141,2.702,0.561,0.087,0.206,0.766,1.081,0.853,bright,white,young,37,59,Marginal
985,Poor,9,18.5,61.2,160.5,0.311,0.475,0.164,6.553,0.439,0.123,0.415,0.616,0.83,0.67,dim,white,young,84,26,Unsuitable
1103,Poor,45,35.3,86.6,172.7,0.085,0.282,0.25,13.836,0.251,0.062,0.27,0.588,0.743,0.613,mixed,field,old,78,47,Unsuitable
860,Moderate,64,42.4,129.2,86.0,0.383,0.269,0.057,5.138,0.537,0.085,0.269,0.617,1.126,0.82,mixed,dark,old,27,58,Marginal
671,Moderate,51,31.0,74.4,123.2,0.403,0.261,0.079,4.565,0.644,0.155,0.141,0.626,1.025,0.748,dim,white,old,23,52,Marginal
1037,Poor,24,16.2,90.3,125.7,0.112,0.314,0.209,6.357,0.411,0.073,0.469,0.354,0.555,0.581,mixed,mixed,young,86,17,Unsuitable
490,Good,77,72.3,111.3,162.7,0.6,0.122,0.029,1.311,0.801,0.229,0.077,0.806,1.059,0.909,bright,mixed,mature,11,76,Suitable
905,Poor,19,44.1,51.2,131.7,0.168,0.385,0.397,11.211,0.426,0.065,0.225,0.301,1.505,0.65,bright,field,young,40,15,Unsuitable
719,Moderate,56,38.6,113.2,173.6,0.518,0.256,0.068,5.863,0.465,0.186,0.273,0.521,0.869,0.835,dim,white,old,23,66,Marginal
944,Poor,8,21.4,108.8,104.2,0.241,0.394,0.315,7.731,0.439,0.127,0.277,0.41,1.002,0.675,bright,mixed,old,62,39,Unsuitable
469,Good,89,68.0,134.5,137.5,0.742,0.039,0.016,3.214,0.612,0.204,0.149,0.798,1.406,0.87,dim,dark,young,11,66,Suitable
845,Moderate,50,37.2,113.9,173.7,0.373,0.2,0.15,6.88,0.565,0.09,0.142,0.61,0.95,0.872,dim,mixed,old,25,70,Marginal
1021,Poor,22,39.2,94.8,148.4,0.148,0.396,0.194,8.419,0.296,0.058,0.324,0.466,0.89,0.602,bright,white,young,55,18,Unsuitable
216,Excellent,93,61.8,155.7,141.3,0.874,0.013,0.01,1.456,0.847,0.253,0.041,0.788,1.202,0.91,bright,dark,mature,0,78,Suitable
243,Excellent,97,71.4,146.6,118.1,0.783,0.029,0.014,1.369,0.836,0.181,0.025,0.745,1.118,0.989,mixed,mixed,mature,6,79,Suitable
800,Moderate,47,31.5,76.9,161.6,0.453,0.129,0.163,3.341,0.653,0.099,0.193,0.517,1.501,0.878,dim,dark,old,18,69,Marginal
22,Excellent,87,71.5,143.2,159.8,0.652,0.03,0.01,1.134,0.912,0.33,0.079,0.919,0.885,0.946,bright,field,mature,2,83,Suitable
158,Excellent,97,53.5,133.2,121.0,0.714,0.006,0.01,1.233,0.824,0.279,0.068,0.907,1.175,0.967,bright,dark,mature,8,83,Suitable
42,Excellent,94,55.9,148.4,164.0,0.781,0.046,0.002,0.751,0.932,0.194,0.071,0.877,1.081,0.981,bright,dark,mature,8,88,Suitable
706,Moderate,48,59.7,80.3,113.6,0.46,0.177,0.117,4.773,0.553,0.072,0.259,0.641,1.196,0.721,mixed,white,mature,42,68,Marginal
82,Excellent,93,65.9,175.0,110.7,0.822,0.029,0.013,0.762,0.788,0.342,0.044,0.8,0.81,0.912,mixed,dark,mature,8,84,Suitable
377,Good,68,69.6,163.8,137.3,0.697,0.049,0.043,3.024,0.755,0.248,0.146,0.674,1.239,0.826,mixed,mixed,young,14,79,Suitable
443,Good,81,66.9,167.7,184.3,0.579,0.062,0.053,2.176,0.788,0.195,0.096,0.759,0.814,0.907,dim,mixed,young,22,70,Suitable
817,Moderate,63,44.7,133.8,83.4,0.579,0.112,0.068,6.538,0.479,0.182,0.199,0.535,1.3,0.74,mixed,field,old,34,48,Marginal
858,Moderate,50,57.6,72.7,148.7,0.518,0.158,0.081,5.784,0.547,0.107,0.204,0.569,0.795,0.814,mixed,white,young,29,70,Marginal
350,Good,81,63.1,110.3,90.7,0.528,0.05,0.018,1.499,0.601,0.184,0.052,0.706,1.4,0.926,dim,white,mature,12,70,Suitable
1069,Poor,43,32.0,77.2,169.9,0.189,0.286,0.304,13.055,0.32,0.046,0.269,0.442,1.221,0.742,bright,mixed,old,53,29,Unsuitable
1099,Poor,34,34.4,108.9,101.4,0.082,0.39,0.359,7.607,0.454,0.085,0.234,0.61,1.461,0.525,bright,white,young,51,29,Unsuitable
221,Excellent,96,57.0,131.9,144.9,0.784,0.026,0.008,0.703,0.77,0.223,0.077,0.908,1.203,0.965,bright,field,mature,5,91,Suitable
347,Good,76,52.5,133.3,152.5,0.62,0.064,0.057,3.514,0.732,0.223,0.07,0.734,1.211,0.944,mixed,mixed,young,11,78,Suitable
1153,Poor,42,21.7,107.0,169.9,0.179,0.466,0.174,12.75,0.283,0.048,0.328,0.632,1.756,0.57,mixed,white,old,81,32,Unsuitable
607,Moderate,57,78.5,147.4,113.1,0.449,0.275,0.108,5.087,0.66,0.087,0.167,0.557,1.102,0.809,dim,mixed,old,22,53,Marginal
34,Excellent,95,61.8,168.2,102.3,0.705,0.018,0.011,1.198,0.899,0.181,0.039,0.857,0.82,0.901,mixed,dark,mature,1,83,Suitable
509,Good,70,60.9,104.0,111.8,0.66,0.111,0.05,3.929,0.756,0.122,0.127,0.734,1.294,0.894,dim,field,mature,20,85,Suitable
338,Good,82,53.3,106.3,158.4,0.595,0.067,0.041,2.328,0.758,0.158,0.135,0.778,0.932,0.846,mixed,field,young,5,69,Suitable
361,Good,87,66.9,176.0,137.0,0.666,0.106,0.043,1.899,0.806,0.279,0.116,0.636,1.087,0.944,mixed,white,mature,15,80,Suitable
918,Poor,11,33.8,95.7,174.5,0.091,0.382,0.357,9.318,0.393,0.088,0.326,0.503,1.172,0.613,bright,dark,young,84,34,Unsuitable
35,Excellent,97,55.8,187.2,133.8,0.758,0.042,0.003,0.837,0.944,0.193,0.03,0.918,1.011,0.938,bright,dark,mature,5,89,Suitable
140,Excellent,85,61.9,182.3,103.8,0.713,0.018,0.008,0.692,0.928,0.221,0.028,0.826,0.901,0.959,mixed,mixed,mature,1,79,Suitable
354,Good,86,68.2,172.8,99.9,0.63,0.039,0.045,3.613,0.615,0.251,0.053,0.762,1.398,0.859,bright,white,mature,5,77,Suitable
847,Moderate,67,52.0,95.5,108.3,0.487,0.215,0.089,6.527,0.623,0.2,0.251,0.513,1.381,0.782,bright,dark,young,39,50,Marginal
294,Excellent,91,67.6,134.9,170.5,0.833,0.05,0.013,0.734,0.835,0.253,0.057,0.731,1.253,0.976,bright,field,mature,3,92,Suitable
886,Moderate,60,67.0,96.6,134.5,0.392,0.28,0.132,5.302,0.494,0.198,0.266,0.637,0.863,0.835,bright,dark,mature,23,64,Marginal
717,Moderate,49,67.1,114.5,191.2,0.328,0.134,0.081,3.691,0.507,0.195,0.133,0.654,0.662,0.801,bright,white,mature,18,53,Marginal
632,Moderate,56,35.2,110.5,124.2,0.471,0.234,0.071,4.03,0.62,0.155,0.163,0.534,0.755,0.848,bright,field,mature,28,50,Marginal
202,Excellent,93,67.4,143.3,144.8,0.833,0.042,0.009,1.72,0.909,0.194,0.073,0.781,0.98,0.945,bright,dark,mature,7,78,Suitable
463,Good,83,72.9,160.6,138.7,0.619,0.101,0.037,1.931,0.814,0.226,0.056,0.838,1.124,0.95,bright,dark,young,16,78,Suitable
130,Excellent,95,63.4,137.0,141.0,0.72,0.046,0.012,1.396,0.912,0.337,0.048,0.852,1.258,0.942,bright,field,mature,6,92,Suitable
737,Moderate,62,65.2,74.7,161.9,0.354,0.268,0.15,4.736,0.679,0.152,0.234,0.738,0.976,0.731,mixed,mixed,old,28,47,Marginal
1160,Poor,31,22.6,120.0,127.8,0.277,0.38,0.267,10.49,0.304,0.119,0.233,0.539,0.862,0.63,mixed,mixed,young,88,23,Unsuitable
733,Moderate,58,48.2,130.6,129.3,0.502,0.111,0.151,5.489,0.591,0.192,0.215,0.523,0.861,0.846,bright,dark,young,41,69,Marginal
63,Excellent,98,59.7,155.2,177.4,0.864,0.001,0.012,0.639,0.86,0.189,0.035,0.767,1.081,0.974,bright,mixed,mature,1,89,Suitable
512,Good,76,53.8,166.3,140.0,0.683,0.125,0.036,2.527,0.786,0.194,0.127,0.717,0.965,0.836,bright,white,young,19,83,Suitable
200,Excellent,90,65.5,187.0,132.7,0.828,0.045,0.013,1.809,0.812,0.285,0.024,0.817,0.872,0.912,mixed,field,mature,0,84,Suitable
152,Excellent,96,71.4,139.0,166.6,0.855,0.016,0.007,1.524,0.87,0.156,0.065,0.754,1.266,0.926,bright,dark,mature,4,87,Suitable
401,Good,75,58.8,161.9,175.4,0.693,0.1,0.04,2.974,0.771,0.182,0.094,0.743,1.397,0.842,bright,dark,mature,20,78,Suitable
302,Good,73,51.8,178.7,149.2,0.74,0.072,0.037,1.207,0.742,0.142,0.086,0.673,1.434,0.916,dim,field,young,19,80,Suitable
703,Moderate,55,47.5,115.6,139.0,0.529,0.199,0.164,5.455,0.523,0.194,0.197,0.718,1.46,0.77,dim,white,young,19,61,Marginal
771,Moderate,55,50.5,135.7,144.2,0.362,0.133,0.127,4.644,0.575,0.08,0.116,0.612,1.072,0.783,bright,field,mature,41,60,Marginal
1149,Poor,42,34.9,46.8,190.3,0.246,0.402,0.302,7.398,0.252,0.07,0.267,0.525,0.704,0.645,mixed,white,old,51,18,Unsuitable
757,Moderate,70,52.0,81.2,110.8,0.356,0.248,0.094,2.752,0.522,0.158,0.151,0.645,1.537,0.803,dim,white,old,21,62,Marginal
23,Excellent,95,65.4,179.3,161.3,0.86,0.003,0.006,1.298,0.87,0.2,0.026,0.772,0.854,0.975,mixed,dark,mature,1,84,Suitable
328,Good,85,62.8,123.3,95.5,0.587,0.062,0.04,1.35,0.726,0.134,0.15,0.701,1.084,0.843,bright,mixed,mature,9,73,Suitable
286,Excellent,94,55.0,154.8,121.0,0.812,0.027,0.012,1.401,0.818,0.258,0.038,0.738,1.183,0.906,mixed,dark,mature,1,87,Suitable
392,Good,82,73.7,133.0,170.2,0.581,0.117,0.06,3.018,0.648,0.269,0.101,0.841,1.002,0.851,bright,white,mature,20,81,Suitable
693,Moderate,50,48.8,128.1,167.4,0.54,0.154,0.174,2.65,0.532,0.136,0.251,0.74,0.744,0.722,dim,field,young,42,63,Marginal
238,Excellent,87,56.7,140.7,145.9,0.769,0.015,0.01,1.838,0.888,0.279,0.035,0.894,0.882,0.965,mixed,field,mature,2,79,Suitable
166,Excellent,97,66.5,136.8,125.7,0.884,0.008,0.006,0.622,0.787,0.309,0.048,0.866,0.806,0.929,bright,white,mature,5,86,Suitable
673,Moderate,65,44.8,91.6,91.4,0.571,0.277,0.102,5.152,0.454,0.157,0.176,0.759,0.663,0.742,dim,mixed,young,21,63,Marginal
91,Excellent,95,70.9,147.4,134.5,0.851,0.002,0.013,1.829,0.832,0.216,0.064,0.919,1.108,0.908,mixed,mixed,mature,0,78,Suitable
275,Excellent,91,54.3,163.6,154.6,0.826,0.012,0.002,1.223,0.846,0.267,0.078,0.861,0.917,0.939,mixed,white,mature,0,91,Suitable
398,Good,75,66.6,155.6,152.2,0.548,0.059,0.026,1.383,0.687,0.249,0.051,0.679,0.867,0.89,bright,dark,mature,17,77,Suitable
139,Excellent,90,55.8,157.9,168.4,0.658,0.005,0.003,0.775,0.875,0.289,0.043,0.794,0.874,0.901,bright,field,mature,5,83,Suitable
372,Good,83,60.9,104.1,118.0,0.696,0.1,0.028,1.322,0.762,0.168,0.143,0.623,1.063,0.934,bright,mixed,mature,7,82,Suitable
115,Excellent,88,68.4,177.7,170.8,0.747,0.02,0.016,1.975,0.818,0.197,0.074,0.864,1.26,0.916,mixed,field,mature,1,78,Suitable
714,Moderate,46,68.1,124.2,125.7,0.353,0.156,0.08,5.353,0.644,0.146,0.206,0.555,0.665,0.87,dim,white,mature,35,67,Marginal
555,Good,81,52.5,111.1,115.8,0.699,0.047,0.017,1.937,0.791,0.205,0.072,0.683,1.165,0.905,dim,dark,young,10,71,Suitable
662,Moderate,70,53.8,101.8,87.3,0.473,0.181,0.058,6.107,0.607,0.189,0.223,0.511,1.522,0.809,mixed,white,mature,34,67,Marginal
641,Moderate,69,55.9,129.7,128.4,0.567,0.178,0.06,4.057,0.476,0.177,0.235,0.704,1.12,0.713,mixed,mixed,mature,36,51,Marginal
695,Moderate,53,45.1,77.4,177.5,0.325,0.23,0.086,2.628,0.532,0.073,0.212,0.675,1.053,0.74,mixed,field,mature,42,63,Marginal
798,Moderate,70,79.5,108.9,149.2,0.441,0.238,0.113,4.854,0.615,0.155,0.18,0.665,1.344,0.781,mixed,dark,young,24,54,Marginal
235,Excellent,97,63.9,173.9,136.3,0.825,0.006,0.004,1.037,0.775,0.158,0.073,0.881,0.977,0.935,mixed,white,mature,4,82,Suitable
619,Moderate,58,34.0,90.9,131.5,0.366,0.281,0.099,5.15,0.489,0.13,0.159,0.758,0.983,0.783,dim,white,mature,19,55,Marginal
638,Moderate,62,43.3,102.6,119.2,0.361,0.158,0.057,5.898,0.545,0.156,0.176,0.766,1.431,0.794,bright,dark,mature,27,66,Marginal
745,Moderate,63,57.3,146.0,190.0,0.547,0.121,0.13,5.267,0.646,0.092,0.261,0.661,1.353,0.754,dim,dark,young,38,48,Marginal
394,Good,87,61.1,172.3,108.6,0.541,0.052,0.025,1.078,0.733,0.171,0.115,0.757,0.886,0.835,bright,mixed,mature,12,73,Suitable
74,Excellent,91,63.9,137.6,161.4,0.7,0.04,0.003,0.801,0.794,0.225,0.022,0.708,1.063,0.945,bright,mixed,mature,7,89,Suitable
923,Poor,25,22.9,60.6,80.5,0.235,0.472,0.244,13.813,0.37,0.093,0.425,0.571,0.631,0.666,dim,mixed,old,62,46,Unsuitable
766,Moderate,53,72.8,82.3,190.4,0.524,0.111,0.09,5.867,0.494,0.087,0.273,0.759,1.42,0.716,dim,field,mature,34,68,Marginal
